event_date,source,medium,campaign,user_sessions_count,visit_to_cart,visit_to_checkout,visit_to_purchase
2020-11-01,google,organic,(organic),824,0.0,0.026699029126213591,0.0024271844660194173
2020-11-01,shop.googlemerchandisestore.com,referral,(referral),213,0.0046948356807511738,0.075117370892018781,0.0093896713615023476
2020-11-01,(direct),(none),(direct),611,0.0,0.037643207855973811,0.0081833060556464818
2020-11-01,<Other>,referral,(referral),255,0.0,0.031372549019607843,0.00784313725490196
2020-11-01,<Other>,organic,(organic),88,0.0,0.034090909090909088,0.0
2020-11-01,(data deleted),(data deleted),(data deleted),122,0.0,0.049180327868852458,0.00819672131147541
2020-11-01,<Other>,<Other>,<Other>,370,0.0,0.035135135135135137,0.0027027027027027029
2020-11-01,google,cpc,<Other>,108,0.0,0.037037037037037035,0.0
2020-11-01,(data deleted),(data deleted),<Other>,1,0.0,0.0,0.0
2020-11-01,<Other>,(data deleted),(data deleted),3,0.0,0.0,0.0
2020-11-02,google,organic,(organic),1099,0.0,0.045495905368516831,0.00818926296633303
2020-11-02,(data deleted),(data deleted),(data deleted),254,0.0,0.05905511811023622,0.027559055118110236
2020-11-02,shop.googlemerchandisestore.com,referral,(referral),321,0.0,0.040498442367601244,0.021806853582554516
2020-11-02,(direct),(none),(direct),821,0.0,0.023142509135200974,0.0085261875761266752
2020-11-02,<Other>,referral,(referral),360,0.0,0.030555555555555555,0.011111111111111112
2020-11-02,<Other>,organic,(organic),109,0.0,0.027522935779816515,0.0091743119266055051
2020-11-02,<Other>,<Other>,<Other>,530,0.0,0.024528301886792454,0.0056603773584905656
2020-11-02,google,cpc,<Other>,175,0.0,0.034285714285714287,0.011428571428571429
2020-11-02,<Other>,(data deleted),(data deleted),7,0.0,0.0,0.0
2020-11-02,(data deleted),(data deleted),<Other>,7,0.0,0.0,0.0
2020-11-03,(direct),(none),(direct),1234,0.0,0.028363047001620744,0.0097244732576985422
2020-11-03,(data deleted),(data deleted),(data deleted),323,0.0,0.043343653250773995,0.034055727554179564
2020-11-03,google,organic,(organic),1684,0.0,0.026722090261282659,0.0041567695961995249
2020-11-03,<Other>,<Other>,<Other>,740,0.0,0.01891891891891892,0.0067567567567567571
2020-11-03,<Other>,organic,(organic),135,0.0,0.014814814814814815,0.0074074074074074077
2020-11-03,<Other>,referral,(referral),511,0.0,0.021526418786692758,0.0097847358121330719
2020-11-03,<Other>,(data deleted),(data deleted),10,0.0,0.0,0.0
2020-11-03,google,cpc,<Other>,238,0.0,0.033613445378151259,0.0042016806722689074
2020-11-03,shop.googlemerchandisestore.com,referral,(referral),402,0.0,0.029850746268656716,0.0099502487562189053
2020-11-03,(data deleted),(data deleted),<Other>,7,0.0,0.0,0.0
2020-11-04,(direct),(none),(direct),955,0.0,0.024083769633507852,0.005235602094240838
2020-11-04,<Other>,<Other>,<Other>,631,0.0,0.031695721077654518,0.0031695721077654518
2020-11-04,<Other>,organic,(organic),123,0.0,0.016260162601626018,0.008130081300813009
2020-11-04,google,cpc,<Other>,170,0.0,0.041176470588235294,0.0058823529411764705
2020-11-04,shop.googlemerchandisestore.com,referral,(referral),373,0.0,0.029490616621983913,0.00804289544235925
2020-11-04,google,organic,(organic),1311,0.0,0.025171624713958809,0.0053394355453852023
2020-11-04,(data deleted),(data deleted),(data deleted),301,0.0,0.046511627906976744,0.019933554817275746
2020-11-04,<Other>,referral,(referral),408,0.0,0.024509803921568627,0.012254901960784314
2020-11-04,<Other>,referral,<Other>,1,0.0,0.0,0.0
2020-11-04,(data deleted),(data deleted),<Other>,6,0.0,0.16666666666666666,0.0
2020-11-04,<Other>,(data deleted),(data deleted),6,0.0,0.0,0.0
2020-11-05,<Other>,organic,(organic),91,0.0,0.054945054945054944,0.0
2020-11-05,<Other>,<Other>,<Other>,480,0.0,0.035416666666666666,0.00625
2020-11-05,(direct),(none),(direct),853,0.0,0.03048065650644783,0.0070339976553341153
2020-11-05,google,organic,(organic),1168,0.0,0.023116438356164382,0.00085616438356164379
2020-11-05,shop.googlemerchandisestore.com,referral,(referral),342,0.0,0.038011695906432746,0.008771929824561403
2020-11-05,(data deleted),(data deleted),(data deleted),335,0.0,0.032835820895522387,0.014925373134328358
2020-11-05,google,cpc,<Other>,154,0.0,0.051948051948051951,0.0064935064935064939
2020-11-05,<Other>,referral,(referral),357,0.0,0.047619047619047616,0.014005602240896359
2020-11-05,<Other>,(data deleted),(data deleted),7,0.0,0.14285714285714285,0.14285714285714285
2020-11-05,(data deleted),(data deleted),<Other>,8,0.0,0.125,0.125
2020-11-06,(data deleted),(data deleted),(data deleted),266,0.0,0.045112781954887216,0.015037593984962405
2020-11-06,shop.googlemerchandisestore.com,referral,(referral),312,0.0,0.028846153846153848,0.016025641025641024
2020-11-06,(direct),(none),(direct),748,0.0,0.040106951871657755,0.014705882352941176
2020-11-06,<Other>,referral,(referral),294,0.0,0.061224489795918366,0.023809523809523808
2020-11-06,google,cpc,<Other>,134,0.0,0.022388059701492536,0.007462686567164179
2020-11-06,google,organic,(organic),1001,0.0,0.053946053946053944,0.016983016983016984
2020-11-06,<Other>,<Other>,<Other>,412,0.0,0.060679611650485438,0.0072815533980582527
2020-11-06,<Other>,organic,(organic),91,0.0,0.02197802197802198,0.0
2020-11-06,(data deleted),referral,(referral),1,0.0,1.0,0.0
2020-11-06,<Other>,(data deleted),(data deleted),7,0.0,0.14285714285714285,0.0
2020-11-06,(data deleted),(data deleted),<Other>,4,0.0,0.0,0.0
2020-11-07,<Other>,<Other>,<Other>,307,0.0,0.039087947882736153,0.0097719869706840382
2020-11-07,google,organic,(organic),684,0.0,0.05701754385964912,0.014619883040935672
2020-11-07,shop.googlemerchandisestore.com,referral,(referral),178,0.0,0.056179775280898875,0.011235955056179775
2020-11-07,(direct),(none),(direct),549,0.0,0.049180327868852458,0.01092896174863388
2020-11-07,google,cpc,<Other>,106,0.0,0.028301886792452831,0.018867924528301886
2020-11-07,<Other>,referral,(referral),227,0.0,0.039647577092511016,0.013215859030837005
2020-11-07,<Other>,organic,(organic),52,0.0,0.096153846153846159,0.019230769230769232
2020-11-07,(data deleted),(data deleted),(data deleted),133,0.0,0.045112781954887216,0.0075187969924812026
2020-11-07,(data deleted),(data deleted),<Other>,5,0.0,0.0,0.0
2020-11-08,(direct),(none),(direct),476,0.0,0.044117647058823532,0.01050420168067227
2020-11-08,google,organic,(organic),656,0.0,0.051829268292682924,0.013719512195121951
2020-11-08,<Other>,<Other>,<Other>,309,0.0,0.061488673139158574,0.016181229773462782
2020-11-08,<Other>,referral,(referral),216,0.0,0.050925925925925923,0.013888888888888888
2020-11-08,(data deleted),(data deleted),(data deleted),137,0.0,0.0364963503649635,0.029197080291970802
2020-11-08,shop.googlemerchandisestore.com,referral,(referral),192,0.0,0.046875,0.020833333333333332
2020-11-08,google,cpc,<Other>,88,0.0,0.0,0.0
2020-11-08,<Other>,organic,(organic),56,0.0,0.0,0.0
2020-11-08,<Other>,(data deleted),(data deleted),3,0.0,0.0,0.0
2020-11-08,(data deleted),(data deleted),<Other>,2,0.0,0.5,0.5
2020-11-09,<Other>,<Other>,<Other>,456,0.0,0.039473684210526314,0.013157894736842105
2020-11-09,(direct),(none),(direct),787,0.0,0.053367217280813214,0.01397712833545108
2020-11-09,google,organic,(organic),973,0.0,0.038026721479958892,0.010277492291880781
2020-11-09,google,cpc,<Other>,122,0.0,0.032786885245901641,0.0
2020-11-09,<Other>,referral,(referral),294,0.0,0.034013605442176874,0.01020408163265306
2020-11-09,(data deleted),(data deleted),(data deleted),230,0.0,0.052173913043478258,0.026086956521739129
2020-11-09,shop.googlemerchandisestore.com,referral,(referral),264,0.0,0.045454545454545456,0.01893939393939394
2020-11-09,<Other>,organic,(organic),90,0.0,0.022222222222222223,0.011111111111111112
2020-11-09,<Other>,(data deleted),(data deleted),8,0.0,0.0,0.0
2020-11-09,(data deleted),(data deleted),<Other>,6,0.0,0.0,0.0
2020-11-10,(direct),(none),(direct),850,0.0,0.051764705882352942,0.018823529411764704
2020-11-10,shop.googlemerchandisestore.com,referral,(referral),346,0.0,0.049132947976878616,0.02023121387283237
2020-11-10,<Other>,referral,(referral),387,0.0,0.043927648578811367,0.0103359173126615
2020-11-10,google,organic,(organic),1151,0.0,0.033883579496090353,0.013032145960034752
2020-11-10,(data deleted),(data deleted),(data deleted),268,0.0,0.048507462686567165,0.026119402985074626
2020-11-10,<Other>,<Other>,<Other>,519,0.0,0.050096339113680152,0.019267822736030827
2020-11-10,google,cpc,<Other>,159,0.0,0.056603773584905662,0.012578616352201259
2020-11-10,<Other>,organic,(organic),93,0.0,0.043010752688172046,0.021505376344086023
2020-11-10,<Other>,(data deleted),(data deleted),7,0.0,0.2857142857142857,0.0
2020-11-10,(data deleted),(data deleted),<Other>,3,0.0,0.33333333333333331,0.33333333333333331
2020-11-11,shop.googlemerchandisestore.com,referral,(referral),309,0.0,0.045307443365695796,0.016181229773462782
2020-11-11,google,organic,(organic),1187,0.0,0.042965459140690818,0.011794439764111205
2020-11-11,(direct),(none),(direct),827,0.0,0.035066505441354291,0.016928657799274487
2020-11-11,(data deleted),(data deleted),(data deleted),280,0.0,0.064285714285714279,0.03214285714285714
2020-11-11,<Other>,<Other>,<Other>,529,0.0,0.03780718336483932,0.013232514177693762
2020-11-11,<Other>,referral,(referral),348,0.0,0.05459770114942529,0.025862068965517241
2020-11-11,google,cpc,<Other>,180,0.0,0.03888888888888889,0.016666666666666666
2020-11-11,<Other>,organic,(organic),97,0.0,0.051546391752577317,0.020618556701030927
2020-11-11,<Other>,(data deleted),(data deleted),7,0.0,0.0,0.0
2020-11-11,(data deleted),(data deleted),<Other>,2,0.0,0.0,0.0
2020-11-12,(direct),(none),(direct),873,0.0,0.038946162657502864,0.011454753722794959
2020-11-12,(data deleted),(data deleted),(data deleted),270,0.0,0.029629629629629631,0.011111111111111112
2020-11-12,<Other>,referral,(referral),349,0.0,0.048710601719197708,0.011461318051575931
2020-11-12,google,organic,(organic),1073,0.0,0.051258154706430567,0.010251630941286114
2020-11-12,<Other>,<Other>,<Other>,488,0.0,0.049180327868852458,0.010245901639344262
2020-11-12,<Other>,organic,(organic),96,0.0,0.020833333333333332,0.0
2020-11-12,google,cpc,<Other>,132,0.0,0.045454545454545456,0.007575757575757576
2020-11-12,shop.googlemerchandisestore.com,referral,(referral),341,0.0,0.064516129032258063,0.0469208211143695
2020-11-12,<Other>,(data deleted),(data deleted),6,0.0,0.0,0.0
2020-11-12,(data deleted),(data deleted),<Other>,9,0.0,0.22222222222222221,0.1111111111111111
2020-11-13,<Other>,<Other>,<Other>,458,0.0,0.06768558951965066,0.024017467248908297
2020-11-13,(direct),(none),(direct),815,0.0,0.046625766871165646,0.017177914110429449
2020-11-13,shop.googlemerchandisestore.com,referral,(referral),278,0.0,0.061151079136690649,0.025179856115107913
2020-11-13,(data deleted),(data deleted),(data deleted),236,0.0,0.097457627118644072,0.067796610169491525
2020-11-13,<Other>,referral,(referral),309,0.0,0.045307443365695796,0.016181229773462782
2020-11-13,google,organic,(organic),1004,0.0,0.055776892430278883,0.013944223107569721
2020-11-13,google,cpc,<Other>,116,0.0,0.017241379310344827,0.0
2020-11-13,<Other>,organic,(organic),75,0.0,0.066666666666666666,0.026666666666666668
2020-11-13,(data deleted),(data deleted),<Other>,4,0.0,0.0,0.0
2020-11-13,<Other>,(data deleted),(data deleted),6,0.0,0.0,0.0
2020-11-13,<Other>,<Other>,(data deleted),1,0.0,0.0,0.0
2020-11-14,(direct),(none),(direct),506,0.0,0.037549407114624504,0.009881422924901186
2020-11-14,google,organic,(organic),716,0.0,0.043296089385474863,0.00558659217877095
2020-11-14,(data deleted),(data deleted),(data deleted),170,0.0,0.052941176470588235,0.029411764705882353
2020-11-14,<Other>,referral,(referral),236,0.0,0.046610169491525424,0.016949152542372881
2020-11-14,google,cpc,<Other>,105,0.0,0.028571428571428571,0.0
2020-11-14,<Other>,<Other>,<Other>,343,0.0,0.058309037900874633,0.017492711370262391
2020-11-14,shop.googlemerchandisestore.com,referral,(referral),201,0.0,0.064676616915422883,0.024875621890547265
2020-11-14,<Other>,organic,(organic),55,0.0,0.018181818181818181,0.0
2020-11-14,<Other>,(data deleted),(data deleted),2,0.0,0.0,0.0
2020-11-14,(data deleted),(data deleted),<Other>,1,0.0,0.0,0.0
2020-11-15,<Other>,<Other>,<Other>,338,0.0,0.044378698224852069,0.0029585798816568047
2020-11-15,<Other>,referral,(referral),217,0.0,0.041474654377880185,0.013824884792626729
2020-11-15,google,organic,(organic),660,0.0,0.065151515151515155,0.0060606060606060606
2020-11-15,(direct),(none),(direct),534,0.0,0.04307116104868914,0.00749063670411985
2020-11-15,(data deleted),(data deleted),(data deleted),119,0.0,0.058823529411764705,0.025210084033613446
2020-11-15,google,cpc,<Other>,90,0.0,0.011111111111111112,0.011111111111111112
2020-11-15,shop.googlemerchandisestore.com,referral,(referral),174,0.0,0.051724137931034482,0.017241379310344827
2020-11-15,<Other>,organic,(organic),54,0.0,0.037037037037037035,0.037037037037037035
2020-11-15,(data deleted),(data deleted),<Other>,2,0.0,0.0,0.0
2020-11-15,<Other>,(data deleted),(data deleted),2,0.0,0.0,0.0
2020-11-16,(direct),(none),(direct),784,0.011479591836734694,0.0548469387755102,0.026785714285714284
2020-11-16,google,organic,(organic),1042,0.0095969289827255271,0.040307101727447218,0.019193857965451054
2020-11-16,<Other>,<Other>,<Other>,516,0.0096899224806201549,0.046511627906976744,0.017441860465116279
2020-11-16,shop.googlemerchandisestore.com,referral,(referral),328,0.0060975609756097563,0.06097560975609756,0.021341463414634148
2020-11-16,(data deleted),(data deleted),(data deleted),276,0.010869565217391304,0.039855072463768113,0.021739130434782608
2020-11-16,<Other>,referral,(referral),318,0.009433962264150943,0.0440251572327044,0.009433962264150943
2020-11-16,<Other>,organic,(organic),84,0.023809523809523808,0.035714285714285712,0.0
2020-11-16,google,cpc,<Other>,138,0.0,0.043478260869565216,0.021739130434782608
2020-11-16,<Other>,(data deleted),(data deleted),6,0.0,0.0,0.0
2020-11-16,(data deleted),(data deleted),<Other>,5,0.0,0.0,0.0
2020-11-17,(direct),(none),(direct),908,0.053964757709251104,0.048458149779735685,0.022026431718061675
2020-11-17,<Other>,referral,(referral),398,0.065326633165829151,0.052763819095477386,0.017587939698492462
2020-11-17,(data deleted),(data deleted),(data deleted),341,0.064516129032258063,0.076246334310850442,0.0469208211143695
2020-11-17,google,organic,(organic),1209,0.05293631100082713,0.042183622828784122,0.015715467328370553
2020-11-17,<Other>,<Other>,<Other>,537,0.068901303538175043,0.042830540037243951,0.0186219739292365
2020-11-17,<Other>,organic,(organic),106,0.10377358490566038,0.056603773584905662,0.009433962264150943
2020-11-17,shop.googlemerchandisestore.com,referral,(referral),363,0.090909090909090912,0.0743801652892562,0.030303030303030304
2020-11-17,google,cpc,<Other>,142,0.035211267605633804,0.028169014084507043,0.0
2020-11-17,(data deleted),(data deleted),<Other>,6,0.0,0.0,0.0
2020-11-17,<Other>,(data deleted),(data deleted),4,0.25,0.25,0.25
2020-11-18,(data deleted),(data deleted),(data deleted),296,0.050675675675675678,0.054054054054054057,0.02364864864864865
2020-11-18,shop.googlemerchandisestore.com,referral,(referral),350,0.048571428571428571,0.04,0.014285714285714285
2020-11-18,<Other>,<Other>,<Other>,520,0.051923076923076926,0.034615384615384617,0.0076923076923076927
2020-11-18,google,organic,(organic),1274,0.044740973312401885,0.025902668759811617,0.0078492935635792772
2020-11-18,<Other>,referral,(referral),408,0.061274509803921566,0.046568627450980393,0.00980392156862745
2020-11-18,(direct),(none),(direct),970,0.054639175257731959,0.04536082474226804,0.016494845360824743
2020-11-18,<Other>,organic,(organic),110,0.045454545454545456,0.045454545454545456,0.00909090909090909
2020-11-18,<Other>,(data deleted),(data deleted),6,0.0,0.0,0.0
2020-11-18,google,cpc,<Other>,154,0.051948051948051951,0.05844155844155844,0.01948051948051948
2020-11-18,(data deleted),(data deleted),<Other>,6,0.0,0.0,0.0
2020-11-19,google,organic,(organic),1234,0.0097244732576985422,0.028363047001620744,0.0072933549432739062
2020-11-19,<Other>,<Other>,<Other>,558,0.019713261648745518,0.028673835125448029,0.010752688172043012
2020-11-19,(direct),(none),(direct),974,0.0061601642710472282,0.029774127310061602,0.0092402464065708418
2020-11-19,<Other>,referral,(referral),417,0.0095923261390887284,0.033573141486810551,0.014388489208633094
2020-11-19,google,cpc,<Other>,177,0.0,0.022598870056497175,0.0056497175141242938
2020-11-19,(data deleted),(data deleted),(data deleted),308,0.0064935064935064939,0.03896103896103896,0.016233766233766232
2020-11-19,shop.googlemerchandisestore.com,referral,(referral),373,0.0053619302949061663,0.034852546916890083,0.01876675603217158
2020-11-19,<Other>,organic,(organic),100,0.01,0.02,0.01
2020-11-19,<Other>,(data deleted),(data deleted),4,0.0,0.0,0.0
2020-11-19,(data deleted),(data deleted),<Other>,8,0.125,0.125,0.0
2020-11-20,<Other>,<Other>,<Other>,513,0.0,0.029239766081871343,0.0077972709551656916
2020-11-20,(direct),(none),(direct),972,0.00102880658436214,0.0411522633744856,0.014403292181069959
2020-11-20,google,organic,(organic),1246,0.00080256821829855537,0.044141252006420544,0.015248796147672551
2020-11-20,<Other>,referral,(referral),419,0.0023866348448687352,0.033412887828162291,0.016706443914081145
2020-11-20,<Other>,organic,(organic),124,0.0,0.0080645161290322578,0.0
2020-11-20,shop.googlemerchandisestore.com,referral,(referral),334,0.0,0.038922155688622756,0.017964071856287425
2020-11-20,(data deleted),(data deleted),(data deleted),303,0.0,0.0627062706270627,0.036303630363036306
2020-11-20,google,cpc,<Other>,163,0.0,0.036809815950920248,0.018404907975460124
2020-11-20,<Other>,(data deleted),(data deleted),4,0.0,0.25,0.0
2020-11-20,(data deleted),(data deleted),<Other>,10,0.0,0.0,0.0
2020-11-21,<Other>,referral,(referral),291,0.0,0.058419243986254296,0.027491408934707903
2020-11-21,google,organic,(organic),987,0.0,0.039513677811550151,0.0081053698074974676
2020-11-21,<Other>,<Other>,<Other>,452,0.0,0.0420353982300885,0.0088495575221238937
2020-11-21,(direct),(none),(direct),720,0.0,0.033333333333333333,0.0083333333333333332
2020-11-21,shop.googlemerchandisestore.com,referral,(referral),242,0.0,0.033057851239669422,0.0082644628099173556
2020-11-21,google,cpc,<Other>,145,0.0,0.068965517241379309,0.027586206896551724
2020-11-21,(data deleted),(data deleted),(data deleted),217,0.0,0.023041474654377881,0.013824884792626729
2020-11-21,<Other>,organic,(organic),92,0.0,0.043478260869565216,0.0
2020-11-21,<Other>,(data deleted),(data deleted),5,0.0,0.0,0.0
2020-11-21,(data deleted),(data deleted),<Other>,2,0.0,0.0,0.0
2020-11-22,(data deleted),(data deleted),(data deleted),159,0.0,0.056603773584905662,0.037735849056603772
2020-11-22,google,organic,(organic),840,0.0,0.05,0.013095238095238096
2020-11-22,(direct),(none),(direct),626,0.0,0.039936102236421724,0.0079872204472843447
2020-11-22,<Other>,<Other>,<Other>,367,0.0,0.027247956403269755,0.0054495912806539508
2020-11-22,google,cpc,<Other>,106,0.0,0.028301886792452831,0.0
2020-11-22,<Other>,referral,(referral),260,0.0,0.030769230769230771,0.0038461538461538464
2020-11-22,shop.googlemerchandisestore.com,referral,(referral),226,0.0,0.039823008849557522,0.017699115044247787
2020-11-22,<Other>,organic,(organic),62,0.0,0.032258064516129031,0.0
2020-11-22,<Other>,(data deleted),(data deleted),3,0.0,0.33333333333333331,0.0
2020-11-22,(data deleted),(data deleted),<Other>,1,0.0,0.0,0.0
2020-11-23,google,organic,(organic),1229,0.0,0.040683482506102521,0.013832384052074858
2020-11-23,(direct),(none),(direct),943,0.0,0.033934252386002124,0.012725344644750796
2020-11-23,<Other>,organic,(organic),96,0.0,0.020833333333333332,0.0
2020-11-23,(data deleted),(data deleted),(data deleted),289,0.0,0.05536332179930796,0.031141868512110725
2020-11-23,<Other>,referral,(referral),354,0.0,0.050847457627118647,0.014124293785310734
2020-11-23,<Other>,<Other>,<Other>,527,0.0,0.043643263757115747,0.013282732447817837
2020-11-23,shop.googlemerchandisestore.com,referral,(referral),311,0.0,0.064308681672025719,0.028938906752411574
2020-11-23,google,cpc,<Other>,156,0.0,0.05128205128205128,0.019230769230769232
2020-11-23,<Other>,(data deleted),(data deleted),6,0.0,0.0,0.0
2020-11-23,(data deleted),(data deleted),<Other>,3,0.0,0.0,0.0
2020-11-24,google,organic,(organic),1328,0.0,0.0391566265060241,0.018072289156626505
2020-11-24,<Other>,organic,(organic),122,0.0,0.081967213114754092,0.040983606557377046
2020-11-24,google,cpc,<Other>,158,0.0,0.056962025316455694,0.012658227848101266
2020-11-24,<Other>,<Other>,<Other>,548,0.0,0.052919708029197078,0.016423357664233577
2020-11-24,<Other>,referral,(referral),424,0.0,0.051886792452830191,0.021226415094339621
2020-11-24,(direct),(none),(direct),949,0.0,0.053740779768177031,0.0273972602739726
2020-11-24,shop.googlemerchandisestore.com,referral,(referral),387,0.0,0.041343669250646,0.020671834625323
2020-11-24,(data deleted),(data deleted),(data deleted),275,0.0,0.07636363636363637,0.050909090909090911
2020-11-24,<Other>,(data deleted),(data deleted),5,0.0,0.0,0.0
2020-11-24,(data deleted),(data deleted),<Other>,7,0.0,0.0,0.0
2020-11-25,google,organic,(organic),1334,0.018740629685157422,0.046476761619190406,0.016491754122938532
2020-11-25,<Other>,<Other>,<Other>,608,0.013157894736842105,0.044407894736842105,0.011513157894736841
2020-11-25,shop.googlemerchandisestore.com,referral,(referral),359,0.025069637883008356,0.064066852367688026,0.033426183844011144
2020-11-25,(direct),(none),(direct),984,0.013211382113821139,0.04573170731707317,0.01524390243902439
2020-11-25,(data deleted),(data deleted),(data deleted),310,0.045161290322580643,0.12580645161290321,0.064516129032258063
2020-11-25,<Other>,referral,(referral),438,0.0136986301369863,0.045662100456621,0.020547945205479451
2020-11-25,<Other>,organic,(organic),105,0.0095238095238095247,0.028571428571428571,0.0
2020-11-25,google,cpc,<Other>,189,0.010582010582010581,0.037037037037037035,0.0052910052910052907
2020-11-25,(data deleted),(data deleted),<Other>,8,0.0,0.125,0.0
2020-11-25,<Other>,(data deleted),(data deleted),5,0.0,0.0,0.0
2020-11-26,(data deleted),(data deleted),(data deleted),278,0.089928057553956831,0.0539568345323741,0.014388489208633094
2020-11-26,google,organic,(organic),1270,0.070866141732283464,0.045669291338582677,0.016535433070866142
2020-11-26,<Other>,<Other>,<Other>,605,0.080991735537190079,0.033057851239669422,0.011570247933884297
2020-11-26,(direct),(none),(direct),972,0.059670781893004114,0.042181069958847739,0.0092592592592592587
2020-11-26,<Other>,organic,(organic),106,0.056603773584905662,0.056603773584905662,0.028301886792452831
2020-11-26,google,cpc,<Other>,154,0.07792207792207792,0.05844155844155844,0.012987012987012988
2020-11-26,<Other>,(data deleted),(data deleted),8,0.0,0.125,0.0
2020-11-26,<Other>,referral,(referral),373,0.056300268096514748,0.056300268096514748,0.0160857908847185
2020-11-26,shop.googlemerchandisestore.com,referral,(referral),316,0.079113924050632917,0.056962025316455694,0.00949367088607595
2020-11-26,(data deleted),(data deleted),<Other>,4,0.0,0.25,0.0
2020-11-27,<Other>,referral,(referral),378,0.082010582010582,0.047619047619047616,0.021164021164021163
2020-11-27,<Other>,organic,(organic),129,0.093023255813953487,0.031007751937984496,0.0
2020-11-27,(data deleted),(data deleted),(data deleted),223,0.1031390134529148,0.089686098654708515,0.071748878923766815
2020-11-27,google,organic,(organic),1177,0.080713678844519965,0.039082412914188618,0.0118946474086661
2020-11-27,shop.googlemerchandisestore.com,referral,(referral),314,0.10828025477707007,0.076433121019108277,0.054140127388535034
2020-11-27,google,cpc,<Other>,187,0.11229946524064172,0.058823529411764705,0.026737967914438502
2020-11-27,(direct),(none),(direct),912,0.06798245614035088,0.046052631578947366,0.021929824561403508
2020-11-27,<Other>,<Other>,<Other>,602,0.079734219269102985,0.043189368770764118,0.011627906976744186
2020-11-27,(data deleted),(data deleted),<Other>,8,0.25,0.375,0.25
2020-11-27,<Other>,(data deleted),(data deleted),7,0.14285714285714285,0.14285714285714285,0.14285714285714285
2020-11-28,<Other>,<Other>,<Other>,503,0.089463220675944338,0.049701789264413522,0.02186878727634195
2020-11-28,google,organic,(organic),1044,0.082375478927203066,0.044061302681992334,0.019157088122605363
2020-11-28,(direct),(none),(direct),813,0.078720787207872081,0.045510455104551047,0.01968019680196802
2020-11-28,<Other>,referral,(referral),348,0.086206896551724144,0.045977011494252873,0.022988505747126436
2020-11-28,shop.googlemerchandisestore.com,referral,(referral),242,0.078512396694214878,0.045454545454545456,0.033057851239669422
2020-11-28,google,cpc,<Other>,131,0.0916030534351145,0.053435114503816793,0.015267175572519083
2020-11-28,<Other>,organic,(organic),96,0.083333333333333329,0.041666666666666664,0.020833333333333332
2020-11-28,(data deleted),(data deleted),(data deleted),167,0.11976047904191617,0.083832335329341312,0.04790419161676647
2020-11-28,<Other>,(data deleted),(data deleted),4,0.0,0.0,0.0
2020-11-28,(data deleted),(data deleted),<Other>,2,0.0,0.0,0.0
2020-11-29,<Other>,referral,(referral),299,0.076923076923076927,0.03678929765886288,0.013377926421404682
2020-11-29,<Other>,<Other>,<Other>,491,0.079429735234215884,0.042769857433808553,0.010183299389002037
2020-11-29,google,organic,(organic),986,0.081135902636916835,0.040567951318458417,0.015212981744421906
2020-11-29,(direct),(none),(direct),748,0.088235294117647065,0.034759358288770054,0.0093582887700534752
2020-11-29,shop.googlemerchandisestore.com,referral,(referral),255,0.094117647058823528,0.031372549019607843,0.0196078431372549
2020-11-29,<Other>,organic,(organic),97,0.030927835051546393,0.030927835051546393,0.020618556701030927
2020-11-29,(data deleted),(data deleted),(data deleted),195,0.1076923076923077,0.066666666666666666,0.046153846153846156
2020-11-29,google,cpc,<Other>,130,0.053846153846153849,0.015384615384615385,0.0076923076923076927
2020-11-29,<Other>,(data deleted),(data deleted),4,0.0,0.25,0.25
2020-11-29,(data deleted),(data deleted),<Other>,4,0.25,0.0,0.0
2020-11-30,<Other>,referral,(referral),457,0.12035010940919037,0.061269146608315096,0.032822757111597371
2020-11-30,(data deleted),(data deleted),(data deleted),321,0.13084112149532709,0.059190031152647975,0.040498442367601244
2020-11-30,shop.googlemerchandisestore.com,referral,(referral),357,0.1092436974789916,0.0784313725490196,0.047619047619047616
2020-11-30,google,organic,(organic),1412,0.080736543909348438,0.048158640226628892,0.024787535410764873
2020-11-30,(direct),(none),(direct),979,0.094994892747701731,0.057201225740551587,0.024514811031664963
2020-11-30,google,cpc,<Other>,225,0.10222222222222223,0.04,0.03111111111111111
2020-11-30,<Other>,<Other>,<Other>,633,0.080568720379146919,0.047393364928909949,0.020537124802527645
2020-11-30,<Other>,organic,(organic),134,0.097014925373134331,0.029850746268656716,0.014925373134328358
2020-11-30,<Other>,(data deleted),(data deleted),4,0.25,0.25,0.25
2020-11-30,(data deleted),(data deleted),<Other>,2,0.0,0.0,0.0
2020-12-01,<Other>,<Other>,<Other>,684,0.0935672514619883,0.049707602339181284,0.024853801169590642
2020-12-01,(direct),(none),(direct),1115,0.095067264573991034,0.050224215246636769,0.02062780269058296
2020-12-01,google,organic,(organic),1533,0.091324200913242,0.04044357469015003,0.0136986301369863
2020-12-01,(data deleted),(data deleted),(data deleted),320,0.115625,0.0625,0.04375
2020-12-01,<Other>,referral,(referral),485,0.096907216494845363,0.053608247422680409,0.026804123711340205
2020-12-01,google,cpc,<Other>,202,0.09405940594059406,0.044554455445544552,0.014851485148514851
2020-12-01,shop.googlemerchandisestore.com,referral,(referral),439,0.079726651480637817,0.04328018223234624,0.020501138952164009
2020-12-01,<Other>,organic,(organic),124,0.088709677419354843,0.024193548387096774,0.0
2020-12-01,(data deleted),(data deleted),<Other>,10,0.0,0.0,0.0
2020-12-01,<Other>,(data deleted),(data deleted),5,0.2,0.0,0.0
2020-12-02,google,organic,(organic),1494,0.082998661311914329,0.044176706827309238,0.014056224899598393
2020-12-02,<Other>,<Other>,<Other>,644,0.093167701863354033,0.05124223602484472,0.015527950310559006
2020-12-02,(direct),(none),(direct),1077,0.082636954503249774,0.040854224698235839,0.012070566388115135
2020-12-02,shop.googlemerchandisestore.com,referral,(referral),429,0.088578088578088576,0.05128205128205128,0.02097902097902098
2020-12-02,<Other>,referral,(referral),428,0.067757009345794386,0.037383177570093455,0.014018691588785047
2020-12-02,google,cpc,<Other>,213,0.0892018779342723,0.042253521126760563,0.023474178403755867
2020-12-02,<Other>,organic,(organic),141,0.028368794326241134,0.014184397163120567,0.0070921985815602835
2020-12-02,(data deleted),(data deleted),(data deleted),321,0.090342679127725853,0.056074766355140186,0.028037383177570093
2020-12-02,<Other>,(data deleted),(data deleted),10,0.1,0.1,0.0
2020-12-02,(data deleted),(data deleted),<Other>,7,0.14285714285714285,0.14285714285714285,0.14285714285714285
2020-12-03,(direct),(none),(direct),1165,0.0815450643776824,0.043776824034334763,0.017167381974248927
2020-12-03,google,organic,(organic),1641,0.075563680682510667,0.043266301035953685,0.013406459475929311
2020-12-03,<Other>,<Other>,<Other>,697,0.080344332855093251,0.043041606886657105,0.01721664275466284
2020-12-03,(data deleted),(data deleted),(data deleted),329,0.0851063829787234,0.0425531914893617,0.0243161094224924
2020-12-03,shop.googlemerchandisestore.com,referral,(referral),444,0.081081081081081086,0.054054054054054057,0.024774774774774775
2020-12-03,google,cpc,<Other>,227,0.061674008810572688,0.039647577092511016,0.0044052863436123352
2020-12-03,<Other>,referral,(referral),486,0.0720164609053498,0.037037037037037035,0.01646090534979424
2020-12-03,<Other>,organic,(organic),150,0.08666666666666667,0.06,0.026666666666666668
2020-12-03,(data deleted),(data deleted),<Other>,3,0.33333333333333331,0.0,0.0
2020-12-03,<Other>,(data deleted),(data deleted),3,0.0,0.0,0.0
2020-12-04,<Other>,<Other>,<Other>,602,0.084717607973421927,0.036544850498338874,0.0099667774086378731
2020-12-04,google,organic,(organic),1487,0.07868190988567586,0.045057162071284462,0.022864828513786146
2020-12-04,(direct),(none),(direct),1097,0.062898814949863269,0.036463081130355512,0.011850501367365542
2020-12-04,shop.googlemerchandisestore.com,referral,(referral),393,0.10432569974554708,0.063613231552162849,0.033078880407124679
2020-12-04,<Other>,organic,(organic),130,0.061538461538461542,0.030769230769230771,0.0076923076923076927
2020-12-04,google,cpc,<Other>,205,0.087804878048780483,0.039024390243902439,0.014634146341463415
2020-12-04,(data deleted),(data deleted),(data deleted),326,0.1196319018404908,0.042944785276073622,0.024539877300613498
2020-12-04,<Other>,referral,(referral),430,0.090697674418604657,0.039534883720930232,0.018604651162790697
2020-12-04,<Other>,(data deleted),(data deleted),5,0.2,0.0,0.0
2020-12-04,(data deleted),(data deleted),<Other>,5,0.0,0.0,0.0
2020-12-05,<Other>,<Other>,<Other>,520,0.08461538461538462,0.055769230769230772,0.013461538461538462
2020-12-05,google,organic,(organic),1080,0.0787037037037037,0.044444444444444446,0.021296296296296296
2020-12-05,(direct),(none),(direct),838,0.082338902147971363,0.0513126491646778,0.021479713603818614
2020-12-05,<Other>,referral,(referral),296,0.097972972972972971,0.054054054054054057,0.02364864864864865
2020-12-05,shop.googlemerchandisestore.com,referral,(referral),281,0.11387900355871886,0.064056939501779361,0.035587188612099648
2020-12-05,google,cpc,<Other>,176,0.073863636363636367,0.028409090909090908,0.005681818181818182
2020-12-05,<Other>,organic,(organic),86,0.011627906976744186,0.0,0.0
2020-12-05,(data deleted),(data deleted),(data deleted),179,0.13407821229050279,0.0893854748603352,0.061452513966480445
2020-12-05,(data deleted),(data deleted),<Other>,5,0.0,0.0,0.0
2020-12-05,<Other>,(data deleted),(data deleted),6,0.0,0.0,0.0
2020-12-06,google,organic,(organic),1006,0.074552683896620273,0.037773359840954271,0.0099403578528827041
2020-12-06,<Other>,<Other>,<Other>,496,0.068548387096774188,0.032258064516129031,0.0080645161290322578
2020-12-06,shop.googlemerchandisestore.com,referral,(referral),262,0.099236641221374045,0.061068702290076333,0.019083969465648856
2020-12-06,<Other>,referral,(referral),333,0.078078078078078081,0.051051051051051052,0.015015015015015015
2020-12-06,(direct),(none),(direct),755,0.071523178807947022,0.04105960264900662,0.010596026490066225
2020-12-06,(data deleted),(data deleted),(data deleted),201,0.10945273631840796,0.059701492537313432,0.03482587064676617
2020-12-06,<Other>,organic,(organic),95,0.1368421052631579,0.073684210526315783,0.010526315789473684
2020-12-06,google,cpc,<Other>,151,0.052980132450331126,0.0066225165562913907,0.0
2020-12-06,<Other>,(data deleted),(data deleted),1,0.0,0.0,0.0
2020-12-06,(data deleted),(data deleted),<Other>,5,0.0,0.0,0.0
2020-12-07,google,organic,(organic),1637,0.062919975565058031,0.029932803909590716,0.010995723885155772
2020-12-07,shop.googlemerchandisestore.com,referral,(referral),445,0.0696629213483146,0.040449438202247189,0.026966292134831461
2020-12-07,<Other>,organic,(organic),162,0.055555555555555552,0.012345679012345678,0.012345679012345678
2020-12-07,(direct),(none),(direct),1266,0.082938388625592413,0.041864139020537122,0.014218009478672985
2020-12-07,<Other>,<Other>,<Other>,750,0.06133333333333333,0.034666666666666665,0.012
2020-12-07,google,cpc,<Other>,238,0.063025210084033612,0.037815126050420166,0.02100840336134454
2020-12-07,<Other>,referral,(referral),523,0.05736137667304015,0.030592734225621414,0.021032504780114723
2020-12-07,(data deleted),(data deleted),(data deleted),373,0.088471849865951746,0.075067024128686322,0.040214477211796246
2020-12-07,(data deleted),(data deleted),<Other>,12,0.0,0.0,0.0
2020-12-07,<Other>,(data deleted),(data deleted),12,0.083333333333333329,0.16666666666666666,0.083333333333333329
2020-12-08,google,organic,(organic),2367,0.053231939163498096,0.02619349387410224,0.0084495141529362053
2020-12-08,<Other>,<Other>,<Other>,1122,0.049019607843137254,0.0285204991087344,0.011586452762923352
2020-12-08,<Other>,referral,(referral),745,0.055033557046979868,0.036241610738255034,0.0174496644295302
2020-12-08,google,cpc,<Other>,333,0.057057057057057055,0.03003003003003003,0.018018018018018018
2020-12-08,(direct),(none),(direct),1745,0.072206303724928367,0.04355300859598854,0.0166189111747851
2020-12-08,(data deleted),(data deleted),(data deleted),440,0.10454545454545454,0.06363636363636363,0.029545454545454545
2020-12-08,shop.googlemerchandisestore.com,referral,(referral),587,0.0817717206132879,0.049403747870528106,0.025553662691652469
2020-12-08,<Other>,organic,(organic),179,0.0446927374301676,0.0335195530726257,0.0111731843575419
2020-12-08,(data deleted),(data deleted),<Other>,6,0.16666666666666666,0.16666666666666666,0.0
2020-12-08,<Other>,(data deleted),(data deleted),9,0.1111111111111111,0.0,0.0
2020-12-09,<Other>,<Other>,<Other>,908,0.048458149779735685,0.029735682819383259,0.015418502202643172
2020-12-09,<Other>,referral,(referral),578,0.069204152249134954,0.046712802768166091,0.019031141868512111
2020-12-09,(direct),(none),(direct),1405,0.072597864768683268,0.038434163701067614,0.020640569395017794
2020-12-09,google,cpc,<Other>,246,0.04065040650406504,0.02032520325203252,0.008130081300813009
2020-12-09,google,organic,(organic),1950,0.064615384615384616,0.040512820512820513,0.02
2020-12-09,(data deleted),(data deleted),(data deleted),372,0.10483870967741936,0.064516129032258063,0.034946236559139782
2020-12-09,shop.googlemerchandisestore.com,referral,(referral),548,0.08211678832116788,0.058394160583941604,0.031021897810218978
2020-12-09,<Other>,organic,(organic),189,0.089947089947089942,0.052910052910052907,0.031746031746031744
2020-12-09,<Other>,(data deleted),(data deleted),6,0.0,0.0,0.0
2020-12-09,(data deleted),(data deleted),<Other>,10,0.0,0.0,0.0
2020-12-10,(direct),(none),(direct),1339,0.071695294996265868,0.044062733383121735,0.020164301717699777
2020-12-10,<Other>,<Other>,<Other>,842,0.06413301662707839,0.0332541567695962,0.010688836104513063
2020-12-10,google,cpc,<Other>,266,0.048872180451127817,0.026315789473684209,0.0075187969924812026
2020-12-10,google,organic,(organic),1727,0.0781702374059062,0.0451650260567458,0.019687319050376375
2020-12-10,shop.googlemerchandisestore.com,referral,(referral),464,0.10344827586206896,0.056034482758620691,0.032327586206896554
2020-12-10,<Other>,organic,(organic),159,0.050314465408805034,0.025157232704402517,0.012578616352201259
2020-12-10,<Other>,referral,(referral),598,0.08193979933110368,0.053511705685618728,0.023411371237458192
2020-12-10,(data deleted),(data deleted),(data deleted),379,0.13720316622691292,0.089709762532981532,0.06860158311345646
2020-12-10,(data deleted),(data deleted),<Other>,11,0.090909090909090912,0.0,0.0
2020-12-10,<Other>,(data deleted),(data deleted),8,0.0,0.0,0.0
2020-12-10,(data deleted),referral,(referral),1,0.0,0.0,0.0
2020-12-11,<Other>,referral,(referral),554,0.066787003610108309,0.046931407942238268,0.025270758122743681
2020-12-11,google,organic,(organic),1699,0.062978222483814,0.041789287816362569,0.022954679223072396
2020-12-11,(direct),(none),(direct),1220,0.095081967213114751,0.050819672131147541,0.027049180327868853
2020-12-11,<Other>,<Other>,<Other>,827,0.070133010882708582,0.032648125755743655,0.014510278113663845
2020-12-11,<Other>,organic,(organic),141,0.0851063829787234,0.0425531914893617,0.0425531914893617
2020-12-11,shop.googlemerchandisestore.com,referral,(referral),437,0.093821510297482841,0.068649885583524028,0.043478260869565216
2020-12-11,(data deleted),(data deleted),(data deleted),356,0.12078651685393259,0.081460674157303375,0.050561797752808987
2020-12-11,google,cpc,<Other>,256,0.0625,0.04296875,0.02734375
2020-12-11,(data deleted),(data deleted),<Other>,7,0.2857142857142857,0.0,0.0
2020-12-11,<Other>,(data deleted),(data deleted),1,0.0,0.0,0.0
2020-12-12,google,organic,(organic),1269,0.070133963750985032,0.040189125295508277,0.019700551615445233
2020-12-12,<Other>,referral,(referral),415,0.065060240963855417,0.043373493975903614,0.016867469879518072
2020-12-12,(direct),(none),(direct),920,0.098913043478260868,0.057608695652173914,0.028260869565217391
2020-12-12,shop.googlemerchandisestore.com,referral,(referral),314,0.076433121019108277,0.044585987261146494,0.025477707006369428
2020-12-12,<Other>,<Other>,<Other>,652,0.050613496932515337,0.033742331288343558,0.015337423312883436
2020-12-12,google,cpc,<Other>,195,0.087179487179487175,0.035897435897435895,0.010256410256410256
2020-12-12,(data deleted),(data deleted),(data deleted),193,0.10880829015544041,0.10362694300518134,0.082901554404145081
2020-12-12,<Other>,organic,(organic),123,0.073170731707317069,0.04065040650406504,0.024390243902439025
2020-12-12,(data deleted),(data deleted),<Other>,6,0.33333333333333331,0.16666666666666666,0.16666666666666666
2020-12-12,<Other>,(data deleted),(data deleted),3,0.33333333333333331,0.33333333333333331,0.33333333333333331
2020-12-13,<Other>,referral,(referral),337,0.0712166172106825,0.041543026706231452,0.01483679525222552
2020-12-13,google,cpc,<Other>,165,0.072727272727272724,0.036363636363636362,0.0060606060606060606
2020-12-13,<Other>,<Other>,<Other>,549,0.065573770491803282,0.049180327868852458,0.02185792349726776
2020-12-13,google,organic,(organic),1231,0.067424857839155153,0.035743298131600328,0.015434606011372868
2020-12-13,(direct),(none),(direct),867,0.0657439446366782,0.0265282583621684,0.012687427912341407
2020-12-13,shop.googlemerchandisestore.com,referral,(referral),236,0.072033898305084748,0.038135593220338986,0.025423728813559324
2020-12-13,<Other>,organic,(organic),119,0.075630252100840331,0.025210084033613446,0.0084033613445378148
2020-12-13,(data deleted),(data deleted),(data deleted),164,0.10365853658536585,0.054878048780487805,0.04878048780487805
2020-12-13,(data deleted),(data deleted),<Other>,3,0.33333333333333331,0.0,0.0
2020-12-13,<Other>,(data deleted),(data deleted),1,0.0,0.0,0.0
2020-12-14,<Other>,<Other>,<Other>,696,0.067528735632183909,0.03017241379310345,0.017241379310344827
2020-12-14,google,organic,(organic),1630,0.0705521472392638,0.030674846625766871,0.014110429447852761
2020-12-14,(direct),(none),(direct),1196,0.068561872909698993,0.037625418060200672,0.01254180602006689
2020-12-14,shop.googlemerchandisestore.com,referral,(referral),417,0.10071942446043165,0.050359712230215826,0.03117505995203837
2020-12-14,<Other>,referral,(referral),478,0.062761506276150625,0.043933054393305436,0.016736401673640166
2020-12-14,<Other>,organic,(organic),139,0.043165467625899283,0.0,0.0
2020-12-14,(data deleted),(data deleted),(data deleted),276,0.12318840579710146,0.05434782608695652,0.039855072463768113
2020-12-14,google,cpc,<Other>,215,0.088372093023255813,0.041860465116279069,0.0093023255813953487
2020-12-14,(data deleted),(data deleted),<Other>,6,0.5,0.5,0.33333333333333331
2020-12-14,<Other>,(data deleted),(data deleted),4,0.0,0.0,0.0
2020-12-15,google,organic,(organic),1743,0.067699368904188179,0.036718301778542739,0.020080321285140562
2020-12-15,<Other>,referral,(referral),550,0.078181818181818186,0.027272727272727271,0.014545454545454545
2020-12-15,google,cpc,<Other>,256,0.04296875,0.0234375,0.015625
2020-12-15,(direct),(none),(direct),1300,0.070769230769230765,0.033846153846153845,0.020769230769230769
2020-12-15,<Other>,<Other>,<Other>,813,0.06273062730627306,0.025830258302583026,0.013530135301353014
2020-12-15,(data deleted),(data deleted),(data deleted),360,0.1,0.052777777777777778,0.036111111111111108
2020-12-15,<Other>,organic,(organic),157,0.076433121019108277,0.025477707006369428,0.012738853503184714
2020-12-15,shop.googlemerchandisestore.com,referral,(referral),491,0.0814663951120163,0.042769857433808553,0.036659877800407331
2020-12-15,(data deleted),(data deleted),<Other>,7,0.5714285714285714,0.14285714285714285,0.14285714285714285
2020-12-15,<Other>,(data deleted),(data deleted),10,0.1,0.0,0.0
2020-12-16,google,organic,(organic),1707,0.048037492677211482,0.026947861745752782,0.014645577035735208
2020-12-16,(direct),(none),(direct),1265,0.069565217391304349,0.035573122529644272,0.026086956521739129
2020-12-16,(data deleted),(data deleted),(data deleted),349,0.12034383954154727,0.08882521489971347,0.063037249283667621
2020-12-16,<Other>,organic,(organic),152,0.032894736842105261,0.013157894736842105,0.013157894736842105
2020-12-16,shop.googlemerchandisestore.com,referral,(referral),474,0.0970464135021097,0.054852320675105488,0.033755274261603373
2020-12-16,google,cpc,<Other>,241,0.041493775933609957,0.020746887966804978,0.012448132780082987
2020-12-16,<Other>,<Other>,<Other>,762,0.040682414698162729,0.015748031496062992,0.007874015748031496
2020-12-16,<Other>,referral,(referral),529,0.056710775047258979,0.030245746691871456,0.017013232514177693
2020-12-16,<Other>,(data deleted),(data deleted),5,0.0,0.0,0.0
2020-12-16,(data deleted),(data deleted),<Other>,7,0.14285714285714285,0.14285714285714285,0.14285714285714285
2020-12-16,<Other>,cpc,<Other>,1,1.0,0.0,0.0
2020-12-17,(data deleted),(data deleted),(data deleted),318,0.11635220125786164,0.059748427672955975,0.0440251572327044
2020-12-17,<Other>,<Other>,<Other>,769,0.042912873862158647,0.020806241872561769,0.0052015604681404422
2020-12-17,(direct),(none),(direct),1236,0.063106796116504854,0.026699029126213591,0.016181229773462782
2020-12-17,google,organic,(organic),1650,0.06484848484848485,0.027272727272727271,0.015757575757575758
2020-12-17,<Other>,referral,(referral),523,0.053537284894837479,0.021032504780114723,0.015296367112810707
2020-12-17,shop.googlemerchandisestore.com,referral,(referral),396,0.083333333333333329,0.040404040404040407,0.027777777777777776
2020-12-17,google,cpc,<Other>,252,0.055555555555555552,0.027777777777777776,0.015873015873015872
2020-12-17,<Other>,organic,(organic),132,0.083333333333333329,0.045454545454545456,0.022727272727272728
2020-12-17,(data deleted),(data deleted),<Other>,8,0.25,0.25,0.125
2020-12-17,<Other>,(data deleted),(data deleted),9,0.1111111111111111,0.1111111111111111,0.0
2020-12-18,<Other>,referral,(referral),449,0.0779510022271715,0.024498886414253896,0.0066815144766146995
2020-12-18,(direct),(none),(direct),1150,0.065217391304347824,0.028695652173913042,0.018260869565217393
2020-12-18,google,organic,(organic),1528,0.0549738219895288,0.031413612565445025,0.0137434554973822
2020-12-18,<Other>,<Other>,<Other>,721,0.062413314840499307,0.029126213592233011,0.012482662968099861
2020-12-18,shop.googlemerchandisestore.com,referral,(referral),381,0.091863517060367453,0.036745406824146981,0.020997375328083989
2020-12-18,google,cpc,<Other>,186,0.021505376344086023,0.021505376344086023,0.016129032258064516
2020-12-18,(data deleted),(data deleted),(data deleted),230,0.16086956521739129,0.095652173913043481,0.056521739130434782
2020-12-18,<Other>,organic,(organic),130,0.046153846153846156,0.0076923076923076927,0.0076923076923076927
2020-12-18,(data deleted),(data deleted),<Other>,9,0.0,0.0,0.0
2020-12-18,<Other>,(data deleted),(data deleted),4,0.25,0.0,0.0
2020-12-19,shop.googlemerchandisestore.com,referral,(referral),250,0.032,0.028,0.008
2020-12-19,google,organic,(organic),1094,0.053016453382084092,0.02376599634369287,0.010968921389396709
2020-12-19,<Other>,organic,(organic),93,0.010752688172043012,0.010752688172043012,0.0
2020-12-19,<Other>,<Other>,<Other>,535,0.048598130841121495,0.016822429906542057,0.0037383177570093459
2020-12-19,(data deleted),(data deleted),(data deleted),172,0.11046511627906977,0.058139534883720929,0.040697674418604654
2020-12-19,(direct),(none),(direct),888,0.052927927927927929,0.029279279279279279,0.013513513513513514
2020-12-19,<Other>,referral,(referral),350,0.037142857142857144,0.017142857142857144,0.0085714285714285719
2020-12-19,google,cpc,<Other>,177,0.062146892655367235,0.028248587570621469,0.011299435028248588
2020-12-19,(data deleted),(data deleted),<Other>,2,0.0,0.0,0.0
2020-12-19,<Other>,(data deleted),(data deleted),2,0.5,0.5,0.0
2020-12-20,(direct),(none),(direct),757,0.035667107001321,0.010568031704095112,0.0026420079260237781
2020-12-20,google,organic,(organic),1063,0.041392285983066796,0.016933207902163686,0.0084666039510818431
2020-12-20,<Other>,referral,(referral),293,0.027303754266211604,0.020477815699658702,0.010238907849829351
2020-12-20,<Other>,organic,(organic),93,0.010752688172043012,0.0,0.0
2020-12-20,<Other>,<Other>,<Other>,504,0.033730158730158728,0.013888888888888888,0.001984126984126984
2020-12-20,(data deleted),(data deleted),(data deleted),156,0.05128205128205128,0.038461538461538464,0.01282051282051282
2020-12-20,shop.googlemerchandisestore.com,referral,(referral),239,0.075313807531380755,0.025104602510460251,0.008368200836820083
2020-12-20,google,cpc,<Other>,140,0.014285714285714285,0.0,0.0
2020-12-20,(data deleted),(data deleted),<Other>,4,0.25,0.0,0.0
2020-12-20,<Other>,(data deleted),(data deleted),3,0.0,0.0,0.0
2020-12-21,<Other>,referral,(referral),409,0.053789731051344741,0.026894865525672371,0.014669926650366748
2020-12-21,(direct),(none),(direct),901,0.05549389567147614,0.032186459489456157,0.019977802441731411
2020-12-21,<Other>,<Other>,<Other>,589,0.028862478777589132,0.011884550084889643,0.0067911714770797962
2020-12-21,shop.googlemerchandisestore.com,referral,(referral),312,0.0673076923076923,0.019230769230769232,0.003205128205128205
2020-12-21,google,cpc,<Other>,160,0.0125,0.00625,0.00625
2020-12-21,google,organic,(organic),1243,0.045856798069187452,0.018503620273531779,0.0088495575221238937
2020-12-21,(data deleted),(data deleted),(data deleted),229,0.10480349344978165,0.039301310043668124,0.013100436681222707
2020-12-21,<Other>,organic,(organic),102,0.098039215686274508,0.0392156862745098,0.0392156862745098
2020-12-21,<Other>,(data deleted),(data deleted),5,0.0,0.0,0.0
2020-12-21,(data deleted),(data deleted),<Other>,4,0.0,0.0,0.0
2020-12-22,google,organic,(organic),1198,0.048414023372287146,0.020868113522537562,0.0091819699499165273
2020-12-22,(direct),(none),(direct),838,0.057279236276849645,0.028639618138424822,0.015513126491646777
2020-12-22,<Other>,organic,(organic),117,0.05128205128205128,0.017094017094017096,0.0
2020-12-22,<Other>,<Other>,<Other>,570,0.070175438596491224,0.02456140350877193,0.015789473684210527
2020-12-22,google,cpc,<Other>,158,0.044303797468354431,0.0189873417721519,0.0063291139240506328
2020-12-22,shop.googlemerchandisestore.com,referral,(referral),314,0.044585987261146494,0.031847133757961783,0.028662420382165606
2020-12-22,<Other>,referral,(referral),353,0.0708215297450425,0.025495750708215296,0.0169971671388102
2020-12-22,(data deleted),(data deleted),(data deleted),236,0.093220338983050849,0.0423728813559322,0.033898305084745763
2020-12-22,<Other>,(data deleted),(data deleted),9,0.1111111111111111,0.0,0.0
2020-12-22,(data deleted),(data deleted),<Other>,3,0.0,0.0,0.0
2020-12-23,(direct),(none),(direct),778,0.061696658097686374,0.02570694087403599,0.012853470437017995
2020-12-23,google,organic,(organic),1075,0.053023255813953486,0.023255813953488372,0.014883720930232559
2020-12-23,<Other>,referral,(referral),327,0.048929663608562692,0.015290519877675841,0.0091743119266055051
2020-12-23,<Other>,<Other>,<Other>,529,0.049149338374291113,0.01890359168241966,0.00945179584120983
2020-12-23,google,cpc,<Other>,144,0.048611111111111112,0.027777777777777776,0.0069444444444444441
2020-12-23,shop.googlemerchandisestore.com,referral,(referral),260,0.073076923076923081,0.030769230769230771,0.023076923076923078
2020-12-23,(data deleted),(data deleted),(data deleted),186,0.16666666666666666,0.080645161290322578,0.048387096774193547
2020-12-23,<Other>,organic,(organic),104,0.038461538461538464,0.038461538461538464,0.0096153846153846159
2020-12-23,(data deleted),(data deleted),<Other>,6,0.16666666666666666,0.16666666666666666,0.16666666666666666
2020-12-23,<Other>,(data deleted),(data deleted),2,0.5,0.5,0.5
2020-12-24,google,organic,(organic),877,0.028506271379703536,0.00798175598631699,0.0034207525655644243
2020-12-24,shop.googlemerchandisestore.com,referral,(referral),201,0.04975124378109453,0.019900497512437811,0.0099502487562189053
2020-12-24,<Other>,<Other>,<Other>,456,0.017543859649122806,0.010964912280701754,0.008771929824561403
2020-12-24,google,cpc,<Other>,146,0.0684931506849315,0.0136986301369863,0.0136986301369863
2020-12-24,(direct),(none),(direct),626,0.033546325878594248,0.012779552715654952,0.0047923322683706068
2020-12-24,<Other>,referral,(referral),260,0.05,0.011538461538461539,0.0038461538461538464
2020-12-24,<Other>,organic,(organic),89,0.0449438202247191,0.011235955056179775,0.0
2020-12-24,(data deleted),(data deleted),(data deleted),116,0.094827586206896547,0.077586206896551727,0.0603448275862069
2020-12-24,(data deleted),(data deleted),<Other>,2,0.0,0.0,0.0
2020-12-24,<Other>,(data deleted),(data deleted),1,0.0,0.0,0.0
2020-12-25,google,organic,(organic),867,0.01845444059976932,0.00922722029988466,0.00461361014994233
2020-12-25,(direct),(none),(direct),590,0.020338983050847456,0.011864406779661017,0.0067796610169491523
2020-12-25,shop.googlemerchandisestore.com,referral,(referral),187,0.032085561497326207,0.016042780748663103,0.0106951871657754
2020-12-25,<Other>,referral,(referral),264,0.056818181818181816,0.015151515151515152,0.007575757575757576
2020-12-25,<Other>,organic,(organic),69,0.028985507246376812,0.014492753623188406,0.014492753623188406
2020-12-25,google,cpc,<Other>,144,0.013888888888888888,0.0069444444444444441,0.0069444444444444441
2020-12-25,<Other>,<Other>,<Other>,408,0.029411764705882353,0.00980392156862745,0.0
2020-12-25,(data deleted),(data deleted),(data deleted),94,0.15957446808510639,0.0851063829787234,0.031914893617021274
2020-12-25,(data deleted),(data deleted),<Other>,1,1.0,0.0,0.0
2020-12-25,<Other>,(data deleted),(data deleted),1,0.0,0.0,0.0
2020-12-26,<Other>,<Other>,<Other>,425,0.030588235294117649,0.0047058823529411761,0.002352941176470588
2020-12-26,<Other>,referral,(referral),233,0.02575107296137339,0.0085836909871244635,0.0042918454935622317
2020-12-26,google,organic,(organic),881,0.026106696935300794,0.01021566401816118,0.00681044267877412
2020-12-26,(direct),(none),(direct),646,0.027863777089783281,0.0061919504643962852,0.0046439628482972135
2020-12-26,google,cpc,<Other>,126,0.023809523809523808,0.0,0.0
2020-12-26,shop.googlemerchandisestore.com,referral,(referral),167,0.035928143712574849,0.023952095808383235,0.011976047904191617
2020-12-26,<Other>,organic,(organic),75,0.013333333333333334,0.013333333333333334,0.013333333333333334
2020-12-26,(data deleted),(data deleted),(data deleted),95,0.052631578947368418,0.031578947368421054,0.021052631578947368
2020-12-26,(data deleted),(data deleted),<Other>,2,0.0,0.0,0.0
2020-12-26,<Other>,(data deleted),(data deleted),2,0.0,0.0,0.0
2020-12-27,<Other>,organic,(organic),66,0.060606060606060608,0.0,0.0
2020-12-27,<Other>,referral,(referral),256,0.046875,0.0234375,0.01171875
2020-12-27,(direct),(none),(direct),610,0.039344262295081971,0.014754098360655738,0.0065573770491803279
2020-12-27,(data deleted),(data deleted),(data deleted),107,0.14018691588785046,0.07476635514018691,0.037383177570093455
2020-12-27,google,cpc,<Other>,124,0.0080645161290322578,0.0,0.0
2020-12-27,google,organic,(organic),902,0.031042128603104215,0.011086474501108648,0.0055432372505543242
2020-12-27,shop.googlemerchandisestore.com,referral,(referral),177,0.028248587570621469,0.022598870056497175,0.016949152542372881
2020-12-27,<Other>,<Other>,<Other>,404,0.022277227722772276,0.0049504950495049506,0.0024752475247524753
2020-12-27,<Other>,(data deleted),(data deleted),2,0.5,0.0,0.0
2020-12-27,(data deleted),(data deleted),<Other>,3,0.0,0.0,0.0
2020-12-28,<Other>,referral,(referral),324,0.030864197530864196,0.0,0.0
2020-12-28,(direct),(none),(direct),782,0.044757033248081841,0.021739130434782608,0.011508951406649617
2020-12-28,<Other>,<Other>,<Other>,493,0.02231237322515213,0.0040567951318458417,0.0040567951318458417
2020-12-28,google,cpc,<Other>,151,0.052980132450331126,0.013245033112582781,0.0066225165562913907
2020-12-28,google,organic,(organic),1056,0.039772727272727272,0.015151515151515152,0.010416666666666666
2020-12-28,shop.googlemerchandisestore.com,referral,(referral),244,0.032786885245901641,0.00819672131147541,0.00819672131147541
2020-12-28,<Other>,organic,(organic),120,0.016666666666666666,0.016666666666666666,0.0083333333333333332
2020-12-28,(data deleted),(data deleted),(data deleted),159,0.081761006289308172,0.037735849056603772,0.037735849056603772
2020-12-28,<Other>,(data deleted),(data deleted),3,0.33333333333333331,0.0,0.0
2020-12-28,(data deleted),(data deleted),<Other>,2,0.0,0.0,0.0
2020-12-29,google,organic,(organic),1094,0.027422303473491772,0.0082266910420475316,0.004570383912248629
2020-12-29,<Other>,organic,(organic),106,0.04716981132075472,0.0,0.0
2020-12-29,<Other>,referral,(referral),307,0.042345276872964167,0.0097719869706840382,0.0032573289902280132
2020-12-29,google,cpc,<Other>,156,0.019230769230769232,0.0,0.0
2020-12-29,(direct),(none),(direct),818,0.035452322738386305,0.014669926650366748,0.0073349633251833741
2020-12-29,<Other>,<Other>,<Other>,522,0.034482758620689655,0.011494252873563218,0.0076628352490421452
2020-12-29,(data deleted),(data deleted),(data deleted),166,0.066265060240963861,0.030120481927710843,0.012048192771084338
2020-12-29,<Other>,(data deleted),(data deleted),2,0.0,0.0,0.0
2020-12-29,shop.googlemerchandisestore.com,referral,(referral),230,0.0782608695652174,0.034782608695652174,0.017391304347826087
2020-12-29,(data deleted),(data deleted),<Other>,1,0.0,0.0,0.0
2020-12-30,google,organic,(organic),1019,0.035328753680078512,0.011776251226692836,0.0068694798822374874
2020-12-30,<Other>,referral,(referral),333,0.027027027027027029,0.003003003003003003,0.0
2020-12-30,shop.googlemerchandisestore.com,referral,(referral),253,0.047430830039525688,0.02766798418972332,0.015810276679841896
2020-12-30,(direct),(none),(direct),751,0.030625832223701729,0.007989347536617843,0.0039946737683089215
2020-12-30,(data deleted),(data deleted),(data deleted),133,0.11278195488721804,0.045112781954887216,0.037593984962406013
2020-12-30,<Other>,<Other>,<Other>,460,0.02391304347826087,0.0086956521739130436,0.0043478260869565218
2020-12-30,<Other>,organic,(organic),98,0.040816326530612242,0.01020408163265306,0.0
2020-12-30,google,cpc,<Other>,134,0.022388059701492536,0.0,0.0
2020-12-30,(data deleted),(data deleted),<Other>,1,0.0,0.0,0.0
2020-12-30,google,<Other>,<Other>,1,0.0,0.0,0.0
2020-12-31,(direct),(none),(direct),613,0.027732463295269169,0.0065252854812398045,0.0032626427406199023
2020-12-31,google,organic,(organic),863,0.027809965237543453,0.011587485515643106,0.0057937427578215531
2020-12-31,<Other>,<Other>,<Other>,388,0.025773195876288658,0.01804123711340206,0.0051546391752577319
2020-12-31,shop.googlemerchandisestore.com,referral,(referral),175,0.074285714285714288,0.028571428571428571,0.017142857142857144
2020-12-31,google,cpc,<Other>,118,0.050847457627118647,0.016949152542372881,0.00847457627118644
2020-12-31,(data deleted),(data deleted),(data deleted),112,0.089285714285714288,0.0625,0.035714285714285712
2020-12-31,<Other>,organic,(organic),90,0.044444444444444446,0.022222222222222223,0.0
2020-12-31,<Other>,referral,(referral),229,0.048034934497816595,0.026200873362445413,0.021834061135371178
2020-12-31,(data deleted),(data deleted),<Other>,2,0.0,0.0,0.0
2021-01-01,<Other>,referral,(referral),211,0.02843601895734597,0.0047393364928909956,0.0047393364928909956
2021-01-01,google,cpc,<Other>,103,0.019417475728155338,0.0097087378640776691,0.0097087378640776691
2021-01-01,google,organic,(organic),746,0.026809651474530832,0.010723860589812333,0.0040214477211796247
2021-01-01,(direct),(none),(direct),566,0.042402826855123678,0.015901060070671377,0.0088339222614841
2021-01-01,<Other>,<Other>,<Other>,377,0.018567639257294429,0.015915119363395226,0.0
2021-01-01,shop.googlemerchandisestore.com,referral,(referral),134,0.022388059701492536,0.0,0.0
2021-01-01,<Other>,organic,(organic),64,0.015625,0.0,0.0
2021-01-01,<Other>,(data deleted),(data deleted),2,0.0,0.0,0.0
2021-01-01,(data deleted),(data deleted),(data deleted),85,0.058823529411764705,0.023529411764705882,0.023529411764705882
2021-01-01,(data deleted),(data deleted),<Other>,3,0.0,0.0,0.0
2021-01-02,google,organic,(organic),896,0.021205357142857144,0.013392857142857142,0.0066964285714285711
2021-01-02,<Other>,organic,(organic),72,0.0,0.0,0.0
2021-01-02,(direct),(none),(direct),634,0.02365930599369085,0.0078864353312302835,0.0031545741324921135
2021-01-02,<Other>,<Other>,<Other>,428,0.0397196261682243,0.011682242990654205,0.0046728971962616819
2021-01-02,google,cpc,<Other>,147,0.0068027210884353739,0.0,0.0
2021-01-02,<Other>,referral,(referral),281,0.021352313167259787,0.010676156583629894,0.0071174377224199285
2021-01-02,(data deleted),(data deleted),(data deleted),96,0.041666666666666664,0.052083333333333336,0.010416666666666666
2021-01-02,shop.googlemerchandisestore.com,referral,(referral),149,0.020134228187919462,0.0067114093959731542,0.0067114093959731542
2021-01-02,(data deleted),(data deleted),<Other>,3,0.0,0.0,0.0
2021-01-03,(direct),(none),(direct),634,0.017350157728706624,0.0078864353312302835,0.0031545741324921135
2021-01-03,<Other>,<Other>,<Other>,477,0.027253668763102725,0.018867924528301886,0.008385744234800839
2021-01-03,google,organic,(organic),892,0.017937219730941704,0.0078475336322869956,0.0011210762331838565
2021-01-03,<Other>,organic,(organic),91,0.01098901098901099,0.0,0.0
2021-01-03,<Other>,referral,(referral),280,0.010714285714285714,0.0035714285714285713,0.0035714285714285713
2021-01-03,shop.googlemerchandisestore.com,referral,(referral),174,0.034482758620689655,0.022988505747126436,0.011494252873563218
2021-01-03,google,cpc,<Other>,109,0.0091743119266055051,0.01834862385321101,0.0091743119266055051
2021-01-03,(data deleted),(data deleted),(data deleted),93,0.086021505376344093,0.043010752688172046,0.032258064516129031
2021-01-03,(data deleted),(data deleted),<Other>,4,0.0,0.0,0.0
2021-01-03,<Other>,(data deleted),(data deleted),2,0.0,0.0,0.0
2021-01-04,<Other>,<Other>,<Other>,510,0.021568627450980392,0.00784313725490196,0.00196078431372549
2021-01-04,<Other>,referral,(referral),323,0.046439628482972138,0.0092879256965944269,0.0030959752321981426
2021-01-04,google,cpc,<Other>,163,0.012269938650306749,0.0061349693251533744,0.0061349693251533744
2021-01-04,google,organic,(organic),1067,0.037488284910965321,0.00937207122774133,0.0046860356138706651
2021-01-04,(direct),(none),(direct),786,0.021628498727735368,0.0089058524173027988,0.0050890585241730284
2021-01-04,(data deleted),(data deleted),(data deleted),143,0.055944055944055944,0.027972027972027972,0.02097902097902098
2021-01-04,shop.googlemerchandisestore.com,referral,(referral),230,0.026086956521739129,0.0043478260869565218,0.0043478260869565218
2021-01-04,<Other>,organic,(organic),94,0.021276595744680851,0.010638297872340425,0.0
2021-01-04,<Other>,(data deleted),(data deleted),3,0.0,0.0,0.0
2021-01-04,(data deleted),(data deleted),<Other>,3,0.0,0.0,0.0
2021-01-05,(direct),(none),(direct),1021,0.02742409402546523,0.0068560235063663075,0.0039177277179236044
2021-01-05,shop.googlemerchandisestore.com,referral,(referral),307,0.065146579804560262,0.026058631921824105,0.0065146579804560263
2021-01-05,<Other>,<Other>,<Other>,664,0.0286144578313253,0.0045180722891566263,0.0015060240963855422
2021-01-05,google,organic,(organic),1477,0.031144211238997969,0.013540961408259987,0.0088016249153689916
2021-01-05,google,cpc,<Other>,197,0.045685279187817257,0.01015228426395939,0.005076142131979695
2021-01-05,<Other>,organic,(organic),130,0.030769230769230771,0.0,0.0
2021-01-05,<Other>,referral,(referral),438,0.038812785388127852,0.020547945205479451,0.00228310502283105
2021-01-05,(data deleted),(data deleted),(data deleted),176,0.05113636363636364,0.028409090909090908,0.028409090909090908
2021-01-05,<Other>,(data deleted),(data deleted),2,0.0,0.0,0.0
2021-01-06,(direct),(none),(direct),1409,0.0262597586941093,0.0099361249112846,0.0056777856635912
2021-01-06,google,organic,(organic),1931,0.027964785085447953,0.0093215950284826522,0.0020714655618850335
2021-01-06,<Other>,referral,(referral),568,0.035211267605633804,0.015845070422535211,0.010563380281690141
2021-01-06,<Other>,<Other>,<Other>,903,0.028792912513842746,0.0077519379844961239,0.0033222591362126247
2021-01-06,<Other>,organic,(organic),188,0.031914893617021274,0.010638297872340425,0.0053191489361702126
2021-01-06,google,cpc,<Other>,261,0.038314176245210725,0.0076628352490421452,0.0038314176245210726
2021-01-06,shop.googlemerchandisestore.com,referral,(referral),423,0.030732860520094562,0.0094562647754137114,0.0047281323877068557
2021-01-06,(data deleted),(data deleted),(data deleted),264,0.060606060606060608,0.030303030303030304,0.007575757575757576
2021-01-06,(data deleted),(data deleted),<Other>,8,0.125,0.125,0.125
2021-01-06,<Other>,(data deleted),(data deleted),4,0.0,0.0,0.0
2021-01-07,(direct),(none),(direct),1061,0.040527803958529687,0.012252591894439209,0.0065975494816211122
2021-01-07,google,organic,(organic),1540,0.033116883116883114,0.014285714285714285,0.0071428571428571426
2021-01-07,<Other>,referral,(referral),406,0.024630541871921183,0.0073891625615763543,0.0024630541871921183
2021-01-07,<Other>,<Other>,<Other>,680,0.035294117647058823,0.0073529411764705881,0.0014705882352941176
2021-01-07,shop.googlemerchandisestore.com,referral,(referral),335,0.0626865671641791,0.017910447761194031,0.0
2021-01-07,(data deleted),(data deleted),(data deleted),242,0.070247933884297523,0.041322314049586778,0.016528925619834711
2021-01-07,<Other>,organic,(organic),136,0.022058823529411766,0.0073529411764705881,0.0073529411764705881
2021-01-07,google,cpc,<Other>,207,0.028985507246376812,0.004830917874396135,0.0
2021-01-07,(data deleted),(data deleted),<Other>,4,0.25,0.0,0.0
2021-01-07,<Other>,(data deleted),(data deleted),1,0.0,0.0,0.0
2021-01-08,(direct),(none),(direct),1006,0.036779324055666,0.018886679920477135,0.012922465208747515
2021-01-08,<Other>,referral,(referral),401,0.034912718204488775,0.017456359102244388,0.007481296758104738
2021-01-08,google,organic,(organic),1337,0.028421839940164548,0.0067314884068810773,0.002243829468960359
2021-01-08,<Other>,organic,(organic),136,0.044117647058823532,0.022058823529411766,0.014705882352941176
2021-01-08,<Other>,<Other>,<Other>,619,0.025848142164781908,0.011308562197092083,0.0080775444264943458
2021-01-08,shop.googlemerchandisestore.com,referral,(referral),311,0.057877813504823149,0.022508038585209004,0.0064308681672025723
2021-01-08,(data deleted),(data deleted),(data deleted),214,0.084112149532710276,0.037383177570093455,0.014018691588785047
2021-01-08,google,cpc,<Other>,183,0.043715846994535519,0.016393442622950821,0.016393442622950821
2021-01-08,(data deleted),(data deleted),<Other>,8,0.0,0.0,0.0
2021-01-08,<Other>,(data deleted),(data deleted),3,0.0,0.0,0.0
2021-01-09,(direct),(none),(direct),758,0.03825857519788918,0.010554089709762533,0.0026385224274406332
2021-01-09,google,organic,(organic),1067,0.026241799437675725,0.0056232427366447986,0.0028116213683223993
2021-01-09,<Other>,<Other>,<Other>,485,0.035051546391752578,0.010309278350515464,0.0020618556701030928
2021-01-09,<Other>,referral,(referral),305,0.029508196721311476,0.029508196721311476,0.016393442622950821
2021-01-09,google,cpc,<Other>,134,0.029850746268656716,0.014925373134328358,0.007462686567164179
2021-01-09,shop.googlemerchandisestore.com,referral,(referral),241,0.041493775933609957,0.016597510373443983,0.0082987551867219917
2021-01-09,(data deleted),(data deleted),(data deleted),147,0.074829931972789115,0.020408163265306121,0.020408163265306121
2021-01-09,<Other>,organic,(organic),103,0.019417475728155338,0.0097087378640776691,0.0097087378640776691
2021-01-09,(data deleted),(data deleted),<Other>,1,0.0,0.0,0.0
2021-01-10,google,organic,(organic),969,0.024767801857585141,0.0082559339525283791,0.0030959752321981426
2021-01-10,(direct),(none),(direct),702,0.022792022792022793,0.0099715099715099714,0.0056980056980056983
2021-01-10,<Other>,<Other>,<Other>,479,0.031315240083507306,0.014613778705636743,0.0062630480167014616
2021-01-10,<Other>,referral,(referral),246,0.052845528455284556,0.008130081300813009,0.0
2021-01-10,google,cpc,<Other>,153,0.013071895424836602,0.0,0.0
2021-01-10,(data deleted),(data deleted),(data deleted),120,0.025,0.0083333333333333332,0.0
2021-01-10,shop.googlemerchandisestore.com,referral,(referral),200,0.035,0.03,0.015
2021-01-10,<Other>,organic,(organic),100,0.03,0.02,0.0
2021-01-10,<Other>,(data deleted),(data deleted),4,0.25,0.0,0.0
2021-01-10,(data deleted),(data deleted),<Other>,3,0.33333333333333331,0.33333333333333331,0.33333333333333331
2021-01-11,(direct),(none),(direct),897,0.035674470457079152,0.013377926421404682,0.010033444816053512
2021-01-11,(data deleted),(data deleted),(data deleted),208,0.043269230769230768,0.019230769230769232,0.004807692307692308
2021-01-11,<Other>,<Other>,<Other>,624,0.041666666666666664,0.017628205128205128,0.004807692307692308
2021-01-11,<Other>,referral,(referral),368,0.048913043478260872,0.01358695652173913,0.008152173913043478
2021-01-11,google,organic,(organic),1267,0.036306235201262825,0.0086819258089976328,0.0039463299131807421
2021-01-11,shop.googlemerchandisestore.com,referral,(referral),273,0.058608058608058608,0.018315018315018316,0.007326007326007326
2021-01-11,<Other>,organic,(organic),117,0.042735042735042736,0.02564102564102564,0.0085470085470085479
2021-01-11,google,cpc,<Other>,162,0.037037037037037035,0.024691358024691357,0.012345679012345678
2021-01-11,(data deleted),(data deleted),<Other>,3,0.66666666666666663,0.33333333333333331,0.33333333333333331
2021-01-12,google,organic,(organic),1477,0.038591740013540959,0.016249153689911984,0.0067704807041299936
2021-01-12,(direct),(none),(direct),1084,0.032287822878228782,0.014760147601476014,0.01107011070110701
2021-01-12,<Other>,organic,(organic),137,0.051094890510948905,0.029197080291970802,0.0072992700729927005
2021-01-12,google,cpc,<Other>,202,0.0099009900990099011,0.0099009900990099011,0.0049504950495049506
2021-01-12,<Other>,<Other>,<Other>,721,0.033287101248266296,0.013869625520110958,0.008321775312066574
2021-01-12,shop.googlemerchandisestore.com,referral,(referral),341,0.041055718475073312,0.020527859237536656,0.017595307917888565
2021-01-12,(data deleted),(data deleted),(data deleted),246,0.044715447154471545,0.04065040650406504,0.02032520325203252
2021-01-12,<Other>,(data deleted),(data deleted),5,0.0,0.0,0.0
2021-01-12,<Other>,referral,(referral),462,0.045454545454545456,0.012987012987012988,0.004329004329004329
2021-01-12,(data deleted),(data deleted),<Other>,5,0.2,0.0,0.0
2021-01-13,<Other>,organic,(organic),146,0.0410958904109589,0.00684931506849315,0.0
2021-01-13,google,organic,(organic),1378,0.042815674891146592,0.023947750362844702,0.0058055152394775036
2021-01-13,google,cpc,<Other>,216,0.027777777777777776,0.0092592592592592587,0.0092592592592592587
2021-01-13,<Other>,<Other>,<Other>,677,0.032496307237813882,0.013293943870014771,0.0059084194977843431
2021-01-13,(direct),(none),(direct),1080,0.036111111111111108,0.0092592592592592587,0.0046296296296296294
2021-01-13,<Other>,referral,(referral),424,0.035377358490566037,0.021226415094339621,0.01179245283018868
2021-01-13,(data deleted),(data deleted),(data deleted),237,0.080168776371308023,0.050632911392405063,0.029535864978902954
2021-01-13,shop.googlemerchandisestore.com,referral,(referral),320,0.0375,0.021875,0.009375
2021-01-13,<Other>,(data deleted),(data deleted),3,0.0,0.0,0.0
2021-01-13,(data deleted),(data deleted),<Other>,3,0.33333333333333331,0.33333333333333331,0.33333333333333331
2021-01-14,(direct),(none),(direct),1040,0.05,0.022115384615384617,0.0086538461538461543
2021-01-14,<Other>,referral,(referral),395,0.04810126582278481,0.017721518987341773,0.012658227848101266
2021-01-14,google,organic,(organic),1360,0.040441176470588237,0.016911764705882352,0.0095588235294117654
2021-01-14,<Other>,<Other>,<Other>,626,0.03035143769968051,0.0095846645367412137,0.0079872204472843447
2021-01-14,shop.googlemerchandisestore.com,referral,(referral),349,0.077363896848137534,0.040114613180515762,0.02865329512893983
2021-01-14,<Other>,organic,(organic),135,0.044444444444444446,0.0074074074074074077,0.0
2021-01-14,(data deleted),(data deleted),(data deleted),225,0.071111111111111111,0.035555555555555556,0.022222222222222223
2021-01-14,google,cpc,<Other>,187,0.0427807486631016,0.0,0.0
2021-01-14,(data deleted),(data deleted),<Other>,2,0.0,0.0,0.0
2021-01-14,<Other>,(data deleted),(data deleted),6,0.0,0.0,0.0
2021-01-15,google,organic,(organic),1249,0.041633306645316254,0.020016012810248198,0.01120896717373899
2021-01-15,<Other>,organic,(organic),108,0.055555555555555552,0.018518518518518517,0.0092592592592592587
2021-01-15,(data deleted),(data deleted),(data deleted),191,0.057591623036649213,0.020942408376963352,0.010471204188481676
2021-01-15,(direct),(none),(direct),937,0.037353255069370331,0.018143009605122731,0.010672358591248666
2021-01-15,<Other>,<Other>,<Other>,593,0.032040472175379427,0.015177065767284991,0.0067453625632377737
2021-01-15,shop.googlemerchandisestore.com,referral,(referral),268,0.055970149253731345,0.014925373134328358,0.007462686567164179
2021-01-15,<Other>,referral,(referral),383,0.052219321148825062,0.018276762402088774,0.007832898172323759
2021-01-15,google,cpc,<Other>,160,0.05,0.0125,0.00625
2021-01-15,(data deleted),(data deleted),<Other>,6,0.16666666666666666,0.16666666666666666,0.16666666666666666
2021-01-15,<Other>,(data deleted),(data deleted),2,0.0,0.0,0.0
2021-01-16,(direct),(none),(direct),768,0.04296875,0.01953125,0.005208333333333333
2021-01-16,google,organic,(organic),1002,0.030938123752495009,0.017964071856287425,0.0089820359281437123
2021-01-16,<Other>,<Other>,<Other>,482,0.039419087136929459,0.0041493775933609959,0.0041493775933609959
2021-01-16,<Other>,(data deleted),(data deleted),3,0.0,0.0,0.0
2021-01-16,<Other>,referral,(referral),330,0.039393939393939391,0.015151515151515152,0.00909090909090909
2021-01-16,google,cpc,<Other>,117,0.05128205128205128,0.017094017094017096,0.0085470085470085479
2021-01-16,(data deleted),(data deleted),(data deleted),128,0.09375,0.0546875,0.0234375
2021-01-16,shop.googlemerchandisestore.com,referral,(referral),218,0.013761467889908258,0.013761467889908258,0.0091743119266055051
2021-01-16,<Other>,organic,(organic),96,0.020833333333333332,0.0,0.0
2021-01-16,(data deleted),(data deleted),<Other>,4,0.25,0.0,0.0
2021-01-17,<Other>,<Other>,<Other>,439,0.029612756264236904,0.01366742596810934,0.00683371298405467
2021-01-17,<Other>,referral,(referral),289,0.041522491349480967,0.01384083044982699,0.0034602076124567475
2021-01-17,google,cpc,<Other>,129,0.023255813953488372,0.0,0.0
2021-01-17,(direct),(none),(direct),686,0.023323615160349854,0.01020408163265306,0.0
2021-01-17,shop.googlemerchandisestore.com,referral,(referral),195,0.041025641025641026,0.010256410256410256,0.010256410256410256
2021-01-17,google,organic,(organic),1005,0.025870646766169153,0.0099502487562189053,0.0059701492537313433
2021-01-17,(data deleted),(data deleted),(data deleted),137,0.051094890510948905,0.0364963503649635,0.014598540145985401
2021-01-17,<Other>,organic,(organic),78,0.0641025641025641,0.01282051282051282,0.0
2021-01-17,(data deleted),(data deleted),<Other>,4,0.0,0.0,0.0
2021-01-18,google,organic,(organic),1187,0.031171019376579612,0.013479359730412805,0.0058972198820556026
2021-01-18,<Other>,referral,(referral),313,0.015974440894568689,0.012779552715654952,0.0063897763578274758
2021-01-18,(direct),(none),(direct),805,0.028571428571428571,0.011180124223602485,0.0037267080745341614
2021-01-18,<Other>,<Other>,<Other>,567,0.029982363315696647,0.0070546737213403876,0.0052910052910052907
2021-01-18,shop.googlemerchandisestore.com,referral,(referral),275,0.047272727272727272,0.02181818181818182,0.0072727272727272727
2021-01-18,<Other>,organic,(organic),84,0.0,0.0,0.0
2021-01-18,(data deleted),(data deleted),(data deleted),174,0.074712643678160925,0.028735632183908046,0.0057471264367816091
2021-01-18,google,cpc,<Other>,157,0.025477707006369428,0.019108280254777069,0.0
2021-01-18,(data deleted),(data deleted),<Other>,1,0.0,0.0,0.0
2021-01-18,<Other>,(data deleted),(data deleted),2,0.0,0.0,0.0
2021-01-19,<Other>,<Other>,<Other>,603,0.026533996683250415,0.008291873963515755,0.0049751243781094526
2021-01-19,<Other>,referral,(referral),381,0.036745406824146981,0.015748031496062992,0.013123359580052493
2021-01-19,(direct),(none),(direct),947,0.047518479408658922,0.023231256599788808,0.013727560718057022
2021-01-19,(data deleted),(data deleted),<Other>,8,0.0,0.125,0.0
2021-01-19,<Other>,organic,(organic),142,0.042253521126760563,0.0070422535211267607,0.0
2021-01-19,google,organic,(organic),1310,0.041984732824427481,0.022137404580152672,0.010687022900763359
2021-01-19,(data deleted),(data deleted),(data deleted),210,0.10476190476190476,0.057142857142857141,0.0380952380952381
2021-01-19,shop.googlemerchandisestore.com,referral,(referral),371,0.051212938005390833,0.018867924528301886,0.01078167115902965
2021-01-19,google,cpc,<Other>,177,0.011299435028248588,0.0,0.0
2021-01-19,<Other>,(data deleted),(data deleted),2,0.0,0.0,0.0
2021-01-20,<Other>,<Other>,<Other>,706,0.048158640226628892,0.029745042492917848,0.0226628895184136
2021-01-20,google,organic,(organic),1478,0.050067658998646819,0.023004059539918808,0.015561569688768605
2021-01-20,(direct),(none),(direct),1107,0.046070460704607047,0.028003613369467027,0.015356820234869015
2021-01-20,google,cpc,<Other>,198,0.020202020202020204,0.015151515151515152,0.010101010101010102
2021-01-20,(data deleted),(data deleted),(data deleted),271,0.073800738007380073,0.055350553505535055,0.040590405904059039
2021-01-20,shop.googlemerchandisestore.com,referral,(referral),348,0.074712643678160925,0.045977011494252873,0.034482758620689655
2021-01-20,<Other>,referral,(referral),465,0.051612903225806452,0.027956989247311829,0.01935483870967742
2021-01-20,<Other>,organic,(organic),145,0.062068965517241378,0.062068965517241378,0.020689655172413793
2021-01-20,(data deleted),(data deleted),<Other>,9,0.1111111111111111,0.1111111111111111,0.0
2021-01-20,<Other>,(data deleted),(data deleted),5,0.2,0.2,0.2
2021-01-21,google,organic,(organic),1454,0.035075653370013754,0.019944979367262722,0.010316368638239339
2021-01-21,(direct),(none),(direct),1058,0.056710775047258979,0.01890359168241966,0.00945179584120983
2021-01-21,shop.googlemerchandisestore.com,referral,(referral),363,0.066115702479338845,0.046831955922865015,0.01928374655647383
2021-01-21,<Other>,<Other>,<Other>,691,0.031837916063675829,0.015918958031837915,0.0014471780028943559
2021-01-21,<Other>,organic,(organic),138,0.043478260869565216,0.007246376811594203,0.007246376811594203
2021-01-21,(data deleted),(data deleted),(data deleted),258,0.077519379844961239,0.054263565891472867,0.031007751937984496
2021-01-21,google,cpc,<Other>,223,0.026905829596412557,0.0044843049327354259,0.0044843049327354259
2021-01-21,<Other>,referral,(referral),452,0.057522123893805309,0.024336283185840708,0.013274336283185841
2021-01-21,<Other>,(data deleted),(data deleted),4,0.0,0.0,0.0
2021-01-21,(data deleted),(data deleted),<Other>,5,0.6,0.4,0.0
2021-01-22,google,organic,(organic),1219,0.052502050861361775,0.044298605414273995,0.022149302707136997
2021-01-22,<Other>,<Other>,<Other>,576,0.052083333333333336,0.027777777777777776,0.017361111111111112
2021-01-22,google,cpc,<Other>,198,0.080808080808080815,0.060606060606060608,0.040404040404040407
2021-01-22,shop.googlemerchandisestore.com,referral,(referral),337,0.068249258160237386,0.05637982195845697,0.03857566765578635
2021-01-22,<Other>,organic,(organic),125,0.04,0.016,0.016
2021-01-22,(data deleted),(data deleted),(data deleted),227,0.061674008810572688,0.052863436123348019,0.02643171806167401
2021-01-22,(direct),(none),(direct),949,0.046364594309799792,0.028451001053740779,0.014752370916754479
2021-01-22,<Other>,referral,(referral),403,0.049627791563275438,0.032258064516129031,0.017369727047146403
2021-01-22,<Other>,(data deleted),(data deleted),5,0.0,0.0,0.0
2021-01-22,(data deleted),(data deleted),<Other>,6,0.0,0.16666666666666666,0.16666666666666666
2021-01-23,google,organic,(organic),948,0.031645569620253167,0.022151898734177215,0.013713080168776372
2021-01-23,<Other>,<Other>,<Other>,501,0.04590818363273453,0.017964071856287425,0.0059880239520958087
2021-01-23,google,cpc,<Other>,146,0.00684931506849315,0.0,0.0
2021-01-23,<Other>,referral,(referral),293,0.051194539249146756,0.030716723549488054,0.017064846416382253
2021-01-23,(data deleted),(data deleted),(data deleted),144,0.069444444444444448,0.069444444444444448,0.055555555555555552
2021-01-23,<Other>,organic,(organic),88,0.022727272727272728,0.011363636363636364,0.011363636363636364
2021-01-23,(direct),(none),(direct),716,0.0446927374301676,0.027932960893854747,0.0111731843575419
2021-01-23,shop.googlemerchandisestore.com,referral,(referral),252,0.055555555555555552,0.035714285714285712,0.01984126984126984
2021-01-23,<Other>,(data deleted),(data deleted),3,0.33333333333333331,0.0,0.0
2021-01-23,(data deleted),(data deleted),<Other>,3,0.0,0.0,0.0
2021-01-24,google,cpc,<Other>,142,0.021126760563380281,0.014084507042253521,0.014084507042253521
2021-01-24,google,organic,(organic),928,0.034482758620689655,0.024784482758620691,0.012931034482758621
2021-01-24,<Other>,<Other>,<Other>,422,0.033175355450236969,0.014218009478672985,0.0071090047393364926
2021-01-24,(direct),(none),(direct),686,0.034985422740524783,0.020408163265306121,0.01020408163265306
2021-01-24,(data deleted),(data deleted),(data deleted),136,0.0661764705882353,0.029411764705882353,0.014705882352941176
2021-01-24,shop.googlemerchandisestore.com,referral,(referral),234,0.055555555555555552,0.038461538461538464,0.02564102564102564
2021-01-24,<Other>,referral,(referral),293,0.054607508532423209,0.030716723549488054,0.0068259385665529011
2021-01-24,<Other>,organic,(organic),83,0.012048192771084338,0.0,0.0
2021-01-24,<Other>,(data deleted),(data deleted),3,0.0,0.0,0.0
2021-01-24,(data deleted),(data deleted),<Other>,4,0.25,0.25,0.25
2021-01-25,(direct),(none),(direct),876,0.039954337899543377,0.019406392694063926,0.0136986301369863
2021-01-25,<Other>,organic,(organic),108,0.027777777777777776,0.018518518518518517,0.018518518518518517
2021-01-25,google,organic,(organic),1249,0.035228182546036831,0.016813450760608487,0.01120896717373899
2021-01-25,<Other>,referral,(referral),349,0.037249283667621778,0.02865329512893983,0.025787965616045846
2021-01-25,<Other>,<Other>,<Other>,583,0.03430531732418525,0.018867924528301886,0.010291595197255575
2021-01-25,google,cpc,<Other>,175,0.028571428571428571,0.028571428571428571,0.022857142857142857
2021-01-25,shop.googlemerchandisestore.com,referral,(referral),301,0.046511627906976744,0.029900332225913623,0.019933554817275746
2021-01-25,(data deleted),(data deleted),(data deleted),216,0.069444444444444448,0.046296296296296294,0.023148148148148147
2021-01-25,(data deleted),(data deleted),<Other>,9,0.1111111111111111,0.0,0.0
2021-01-25,<Other>,(data deleted),(data deleted),2,0.0,0.0,0.0
2021-01-26,shop.googlemerchandisestore.com,referral,(referral),321,0.043613707165109032,0.028037383177570093,0.021806853582554516
2021-01-26,google,organic,(organic),1277,0.035238841033672669,0.014878621769772905,0.0086139389193422081
2021-01-26,<Other>,referral,(referral),381,0.031496062992125984,0.018372703412073491,0.010498687664041995
2021-01-26,(direct),(none),(direct),897,0.03678929765886288,0.03121516164994426,0.014492753623188406
2021-01-26,google,cpc,<Other>,192,0.026041666666666668,0.020833333333333332,0.005208333333333333
2021-01-26,<Other>,<Other>,<Other>,598,0.028428093645484948,0.0083612040133779261,0.0033444816053511705
2021-01-26,<Other>,organic,(organic),117,0.042735042735042736,0.02564102564102564,0.017094017094017096
2021-01-26,(data deleted),(data deleted),(data deleted),262,0.053435114503816793,0.053435114503816793,0.041984732824427481
2021-01-26,(data deleted),(data deleted),<Other>,7,0.0,0.0,0.0
2021-01-26,<Other>,(data deleted),(data deleted),5,0.0,0.0,0.0
2021-01-27,<Other>,<Other>,<Other>,614,0.055374592833876218,0.027687296416938109,0.011400651465798045
2021-01-27,google,cpc,<Other>,179,0.039106145251396648,0.00558659217877095,0.0
2021-01-27,<Other>,referral,(referral),418,0.062200956937799042,0.026315789473684209,0.016746411483253589
2021-01-27,(direct),(none),(direct),965,0.060103626943005181,0.032124352331606217,0.014507772020725389
2021-01-27,google,organic,(organic),1363,0.039618488628026409,0.014673514306676448,0.0051357300073367569
2021-01-27,(data deleted),(data deleted),(data deleted),283,0.074204946996466431,0.056537102473498232,0.021201413427561839
2021-01-27,shop.googlemerchandisestore.com,referral,(referral),349,0.074498567335243557,0.048710601719197708,0.020057306590257881
2021-01-27,<Other>,organic,(organic),131,0.061068702290076333,0.045801526717557252,0.015267175572519083
2021-01-27,(data deleted),(data deleted),<Other>,6,0.0,0.0,0.0
2021-01-27,<Other>,(data deleted),(data deleted),5,0.0,0.0,0.0
2021-01-28,shop.googlemerchandisestore.com,referral,(referral),340,0.064705882352941183,0.029411764705882353,0.017647058823529412
2021-01-28,(data deleted),(data deleted),(data deleted),249,0.11646586345381527,0.056224899598393573,0.048192771084337352
2021-01-28,<Other>,<Other>,<Other>,593,0.042158516020236091,0.013490725126475547,0.010118043844856661
2021-01-28,(direct),(none),(direct),998,0.049098196392785572,0.022044088176352707,0.014028056112224449
2021-01-28,google,organic,(organic),1211,0.027250206440957887,0.01486374896779521,0.0082576383154417832
2021-01-28,<Other>,organic,(organic),117,0.034188034188034191,0.0085470085470085479,0.0085470085470085479
2021-01-28,<Other>,referral,(referral),397,0.047858942065491183,0.022670025188916875,0.012594458438287154
2021-01-28,google,cpc,<Other>,168,0.053571428571428568,0.041666666666666664,0.011904761904761904
2021-01-28,<Other>,(data deleted),(data deleted),3,0.0,0.0,0.0
2021-01-28,(data deleted),(data deleted),<Other>,2,0.0,0.0,0.0
2021-01-29,(direct),(none),(direct),880,0.046590909090909093,0.031818181818181815,0.018181818181818181
2021-01-29,shop.googlemerchandisestore.com,referral,(referral),286,0.05944055944055944,0.031468531468531472,0.02097902097902098
2021-01-29,google,organic,(organic),1181,0.029635901778154106,0.015241320914479255,0.0093141405588484331
2021-01-29,<Other>,referral,(referral),350,0.034285714285714287,0.034285714285714287,0.022857142857142857
2021-01-29,<Other>,<Other>,<Other>,537,0.035381750465549346,0.016759776536312849,0.00558659217877095
2021-01-29,(data deleted),(data deleted),(data deleted),227,0.0881057268722467,0.048458149779735685,0.02643171806167401
2021-01-29,google,cpc,<Other>,156,0.0641025641025641,0.02564102564102564,0.00641025641025641
2021-01-29,<Other>,organic,(organic),123,0.056910569105691054,0.008130081300813009,0.0
2021-01-29,<Other>,(data deleted),(data deleted),2,0.0,0.0,0.0
2021-01-29,(data deleted),(data deleted),<Other>,4,0.0,0.0,0.0
2021-01-30,<Other>,<Other>,<Other>,413,0.029055690072639227,0.012106537530266344,0.0024213075060532689
2021-01-30,shop.googlemerchandisestore.com,referral,(referral),215,0.060465116279069767,0.037209302325581395,0.027906976744186046
2021-01-30,google,organic,(organic),865,0.033526011560693639,0.019653179190751446,0.0080924855491329474
2021-01-30,(data deleted),(data deleted),(data deleted),154,0.064935064935064929,0.051948051948051951,0.025974025974025976
2021-01-30,(direct),(none),(direct),666,0.046546546546546545,0.01951951951951952,0.012012012012012012
2021-01-30,<Other>,organic,(organic),94,0.021276595744680851,0.0,0.0
2021-01-30,google,cpc,<Other>,129,0.031007751937984496,0.0,0.0
2021-01-30,<Other>,referral,(referral),276,0.028985507246376812,0.007246376811594203,0.007246376811594203
2021-01-30,<Other>,(data deleted),(data deleted),3,0.33333333333333331,0.0,0.0
2021-01-31,google,organic,(organic),889,0.0359955005624297,0.016872890888638921,0.0044994375703037125
2021-01-31,shop.googlemerchandisestore.com,referral,(referral),215,0.037209302325581395,0.027906976744186046,0.0046511627906976744
2021-01-31,(direct),(none),(direct),632,0.0490506329113924,0.023734177215189875,0.011075949367088608
2021-01-31,<Other>,organic,(organic),67,0.014925373134328358,0.014925373134328358,0.0
2021-01-31,<Other>,referral,(referral),256,0.015625,0.015625,0.0
2021-01-31,<Other>,<Other>,<Other>,404,0.042079207920792082,0.024752475247524754,0.0099009900990099011
2021-01-31,google,cpc,<Other>,153,0.0065359477124183009,0.0065359477124183009,0.0
2021-01-31,(data deleted),(data deleted),(data deleted),138,0.065217391304347824,0.021739130434782608,0.014492753623188406
2021-01-31,(data deleted),(data deleted),<Other>,5,0.2,0.2,0.0
2021-01-31,<Other>,(data deleted),(data deleted),3,0.0,0.0,0.0